x1,x2,x3,y,regime
3.00026832702675,3.75130517938448,2.56396609872265,3,NegBin
2.90718931443754,3.55522729044297,2.05388617155367,1,NegBin
0.98792883919624,1.22812667340551,2.35546300540484,2,Poisson
2.2320954548043,2.57131689513787,3.19643152899841,12,Poisson
2.24290598675826,4.13037086323459,1.18866699351052,1,Poisson
1.82836246310416,0.696956581709036,1.65366645856198,9,Poisson
2.85525030012446,2.2793698446384,1.8530955345977,5,NegBin
5.64917913855135,2.73977062836843,2.6317587400551,61,NegBin
3.44287761771733,2.85637802280485,3.45664785877363,40,NegBin
2.89327184223545,3.28890808208979,2.93593576658962,10,NegBin
2.93981490004258,0.174754541098233,2.29772367614524,3,NegBin
3.48274621620758,0.833001389672135,3.12913649478809,45,NegBin
1.46311537072236,2.85336362770894,2.86877059272596,1,Poisson
2.70451139520321,2.29705973429841,2.89526035318114,9,NegBin
3.32805803981823,3.33305696359968,2.68428523532352,12,NegBin
1.71817969362074,1.18201398544568,1.01764936318281,6,Poisson
2.45992355252213,2.15041316664612,2.34887452114064,10,Poisson
3.5621723524077,4.9358155576999,4.13808141891801,11,NegBin
2.74947818116525,2.08018940721876,1.59068236726434,14,NegBin
3.8722899181849,2.16085233413184,3.25675486594084,115,NegBin
3.00699416878564,3.50788530983177,4.14291852570766,2,NegBin
2.84652718522365,2.9521524964694,2.80365044886554,2,NegBin
4.39972164864182,2.88296886176707,3.23375624110706,34,NegBin
3.76314548399233,2.83958340056761,3.22954422039141,13,NegBin
1.9780296755952,3.90486130810828,3.67910430608579,3,Poisson
3.84796105539965,3.87632174098465,4.35946386362315,11,NegBin
2.14452688039804,0.912738451689496,3.29314239942004,20,Poisson
3.0937685728011,1.76866691932434,2.98052181868158,51,NegBin
3.56400452286782,3.33667553330985,3.90885438131389,14,NegBin
2.27316399609316,1.31833433653846,1.60605697015041,15,Poisson
1.58161921029823,2.86019223447298,2.66375054057407,4,Poisson
3.28446287838772,2.82797480112453,2.66309766221302,3,NegBin
2.26314201172125,2.63138564680592,0.980814725907363,4,Poisson
1.75774221519164,2.15936834328902,2.14251171920247,1,Poisson
1.52854033865117,1.20540359894422,3.67013280845746,7,Poisson
1.31023357805227,2.58123476946195,2.62348838677332,0,Poisson
1.82594359876436,1.8961659711909,3.20819833529029,10,Poisson
2.7508319180301,2.44077419319588,3.11553083515401,3,NegBin
3.23930785774154,2.98194242143501,2.55871221475419,8,NegBin
3.83873903907697,2.0476063885725,3.19169970387267,15,NegBin
2.94047010252735,3.83024646684746,2.88021693501493,9,NegBin
3.32539409856607,2.58733782273961,2.67959338270463,11,NegBin
3.31544328685564,3.670831787333,4.11415007555997,2,NegBin
1.4507230818279,1.16720804808998,0.353641095070248,3,Poisson
1.53637730386247,1.28823194072129,2.57469118728544,9,Poisson
2.74409336307112,4.02344750579498,3.96518827392003,12,NegBin
3.02475636574647,3.87411983095844,1.9882206742226,2,NegBin
2.55395820162167,3.22831686961535,3.43701693054262,4,Poisson
1.67224996246629,0.737262478138875,4.17164820550448,14,Poisson
3.04177767329853,2.78819992663034,2.43711133578104,9,NegBin
2.23723562447561,2.15904097587708,3.21093395425346,4,Poisson
3.00253028798373,2.90514610984529,2.20184958093714,4,NegBin
2.4018506885701,2.29437272399851,3.62643824908244,9,Poisson
1.11339806423675,1.99427028656317,1.79618000430207,4,Poisson
2.57608687623097,2.00439592403401,4.24481219014944,21,Poisson
2.43257026870548,1.30093111521214,0.778063819490137,7,Poisson
3.59314717520761,4.39701099234326,3.67226017263463,8,NegBin
2.50532519020715,2.22659820043563,1.98641326215445,12,Poisson
2.98491304152427,2.21271561206735,2.65096766985261,12,NegBin
3.04949919665551,2.28216414771206,2.26161772980281,4,NegBin
3.39952891920389,1.68421892387761,2.16298166705211,54,NegBin
2.56120207463272,3.32975288639899,3.40020465266358,8,Poisson
3.92365469861584,2.51024422406526,2.42914395756514,9,NegBin
3.22366329737981,2.75509975531189,4.66806817202166,13,NegBin
4.01767587233965,3.82001895616423,2.66472504160611,3,NegBin
2.00488762070762,2.9180646695863,2.44124983762886,3,Poisson
1.64307519285647,2.7952203434384,2.61697377989915,3,Poisson
2.56670194548336,2.29639294859202,3.19620894735452,8,Poisson
2.0842814136193,1.97892947187185,1.88165401255118,5,Poisson
1.79057085248919,0,1.66316596508588,6,Poisson
2.84855235751699,2.65584441166031,3.8508697384925,5,NegBin
5.02394326748949,5.00351158525342,3.31625077911473,49,NegBin
1.84862178423939,2.4848782252444,1.33007708109347,3,Poisson
2.85624213514771,3.52344428853033,3.37369951072463,2,NegBin
3.58031235307636,3.12460179463115,2.98997191044848,21,NegBin
1.06476594144094,1.85386714064513,2.89400313437114,1,Poisson
2.81345255477422,2.53609573747106,3.50366652574258,23,NegBin
3.47451490311245,3.85467085357184,3.60611577650359,11,NegBin
3.21273567916713,2.78947596109318,1.5690588553291,1,NegBin
2.48707991527662,3.16807284905493,2.743635359387,5,Poisson
3.62470236045288,1.69746486110653,2.85474630806364,54,NegBin
2.57756008287572,2.18441433132787,2.46645791330305,6,Poisson
3.63047409651451,3.0250957948409,2.24014485779261,35,NegBin
1.25651852733015,2.95626612794547,2.35231423506037,1,Poisson
3.62405472994313,2.65135376252261,2.3053487478822,17,NegBin
2.11612204193146,2.96685361807068,2.18805856837956,5,Poisson
1.28903989384003,2.17038431693579,2.08870090112398,2,Poisson
3.09942294897075,1.92976960343695,2.06244135014893,24,NegBin
2.48773833984217,3.09673292575989,3.30597297243413,8,Poisson
1.68783955010934,2.82599465974432,0.738203262708358,2,Poisson
3.96306563019786,1.30280577423566,0.419731952529874,46,NegBin
1.06359931198121,3.40518364822822,2.28012971114563,2,Poisson
2.35054093230069,2.04371941411409,3.25932572343064,11,Poisson
3.73806675943439,2.69357428198323,3.17171762923287,67,NegBin
1.13339723300844,1.79409538572773,2.03132108747493,6,Poisson
3.8862330686965,3.09975131810857,2.45616871307974,21,NegBin
1.22556975497802,0.626395387456107,1.19601030354317,1,Poisson
2.83422843352928,1.11482442257084,0.512388360726026,38,NegBin
2.525157629377,2.43806477976228,3.81328787217701,6,Poisson
2.52384339968015,3.38783102176063,4.71395206632713,11,Poisson
3.12477586014956,2.62067872464883,4.1480656438389,28,NegBin
2.83642394006592,2.03243235141124,2.68833335377799,6,NegBin
2.51381817358024,3.37603626684596,2.74373225625603,7,Poisson
3.09382118672948,3.91990940612095,1.71594510289795,1,NegBin
3.13313557004705,3.26408227778668,3.99448924136304,9,NegBin
2.71339528689093,2.88138450564403,2.59223929781525,16,NegBin
3.20547030893795,3.94118605959239,2.68634087797796,6,NegBin
4.69089544495686,4.21958261860302,2.97199682821702,15,NegBin
2.58406141106026,3.72941310027274,2.58939903052364,10,Poisson
2.43888535694647,1.93702441687938,1.54705660005709,12,Poisson
3.06954409258692,3.53739437638585,2.77852517291076,4,NegBin
3.18348685822556,1.82727730289582,1.64855225170241,5,NegBin
4.1708901797928,2.4895900258995,5.46729270590941,65,NegBin
2.36493590433163,3.20298589694385,2.62429642285814,3,Poisson
2.22230005397523,1.51821814212154,3.30507762500044,13,Poisson
4.01570288646357,2.3526350659434,0.890505279695538,15,NegBin
2.79335465834505,2.68221795553141,2.3538218459125,4,NegBin
3.32166495512291,3.54110029949377,2.66227506600313,7,NegBin
4.58037874296334,2.71733266076701,2.77867269055705,61,NegBin
1.94010489032894,4.36554719510351,4.19704159511058,3,Poisson
2.99677358825838,3.11473940389729,1.58603628574605,3,NegBin
2.68978113113378,4.17630531223591,3.39494751544928,7,Poisson
3.25777270967282,2.21534853360932,3.91802090641582,5,NegBin
2.73086215074683,2.95753747758092,3.022864638733,14,NegBin
1.44489235113175,1.53245729423548,0.759662288153347,2,Poisson
4.07964049983692,1.38699481186729,4.40164188053975,96,NegBin
2.40870390690614,2.47348435329342,2.69480186167058,12,Poisson
2.94580811694375,2.99142425548814,1.88997437424998,7,NegBin
4.21747631425928,3.51179707055452,2.52704635984418,28,NegBin
1.12409895869699,3.26010420177672,3.97066467479612,3,Poisson
2.08476066832758,1.29887725823027,1.34957990937118,6,Poisson
3.1681895416275,2.6088367123641,1.14076206225789,3,NegBin
2.60534412739424,2.30821388327565,3.16955979266322,14,Poisson
2.4715544693784,3.49777448085926,3.0962988241144,5,Poisson
4.50667560258083,5.12060647864547,3.0954100200334,4,NegBin
2.43088983888706,2.37065946273899,0.499266609116293,3,Poisson
3.57062779606493,4.31235065067291,3.57192411221129,6,NegBin
2.1197650708489,1.19662162822232,3.23490061969769,13,Poisson
1.55769978833528,0.143846686767952,2.11146576208263,10,Poisson
3.98649532747712,4.02813158509155,3.40509632929882,15,NegBin
2.38638583691465,2.39241958087901,1.62197856685302,7,Poisson
2.63496761795962,3.02271422642065,3.06750204844546,9,Poisson
3.87617655883431,3.92169473991815,3.98139719134202,2,NegBin
3.62186240681569,3.79107827950197,4.27046478732135,18,NegBin
4.24913297848452,3.90857893097131,3.65924833642997,24,NegBin
2.37829403123821,3.3784858565242,3.61815444075499,9,Poisson
3.8729402288594,4.45791649112414,3.06780016272934,4,NegBin
2.80552964211036,1.50558743278131,2.24315101082512,12,NegBin
0.479176415010279,1.09876709365179,1.68638932171561,0,Poisson
3.36088764953986,3.43972578979271,4.3927508026953,43,NegBin
2.96053682376955,2.31913954505826,0.85314386033459,3,NegBin
1.6458783409389,2.51879991248741,2.12006644837291,4,Poisson
2.39344457718651,1.98929360128607,3.03706395891638,8,Poisson
4.23071991453281,3.62696608089374,2.49510615934038,14,NegBin
3.14078244496995,1.95563880856178,3.4053086103989,4,NegBin
3.34790358765558,2.95896770564676,2.400258938949,7,NegBin
1.63904050613134,2.22712719123603,3.0001529533821,8,Poisson
2.84732948881248,2.75393629428929,3.43264568232608,6,NegBin
1.07975390566154,2.37085611856326,2.38983263447646,2,Poisson
2.58334157043771,3.40725263003899,2.95707625516561,6,Poisson
1.67802835184053,1.39377051889488,2.69023001982867,4,Poisson
2.72926614315259,3.52261404017835,4.38523111848788,4,NegBin
2.73073139721177,3.47277212874223,4.98248519617821,12,NegBin
0.12693773591392,0.026424915640753,0.426050531331508,4,Poisson
3.80112082246488,3.68493106880556,1.38842702778484,12,NegBin
1.61010511499872,3.48603014429519,2.21958774516778,3,Poisson
2.2440052591065,1.92165715562375,2.50370388914674,8,Poisson
3.45870653757468,2.69012380073496,3.11626258424654,37,NegBin
1.49037002595796,2.83874654112948,2.5588308161164,1,Poisson
2.54560320854874,1.4276404990578,3.43934749032286,19,Poisson
3.26283838209225,2.71795978305802,2.6133328979155,9,NegBin
3.33465612191102,1.94361265829731,2.73216038275044,28,NegBin
2.13759774567231,3.14738811260856,2.88677883431684,1,Poisson
1.35669989153302,0.880983749578323,0.900169191067344,1,Poisson
3.18807176604181,3.32716412573922,3.32090416015515,20,NegBin
4.78439011733335,3.45754902870911,2.30690389934254,18,NegBin
2.94889980126084,3.10321531034056,1.85702838259233,6,NegBin
3.06716288167904,2.60502966717526,1.61798114519272,0,NegBin
2.01526616900002,3.37039702749779,1.5540284356309,2,Poisson
3.05351929265493,3.56335285462965,2.46619080780528,17,NegBin
3.39662213935725,3.43476994989998,3.78661067292268,32,NegBin
0.954858866564614,1.8467637631777,2.41604570340072,1,Poisson
3.28824780771285,3.08779472892357,2.49103416207461,12,NegBin
3.64162179472911,3.78264730042192,2.59742155104543,7,NegBin
3.61579723633336,2.69299772843696,2.30561151546594,11,NegBin
3.52437921888618,2.27206526686522,2.80499228841528,9,NegBin
1.59749007330213,2.21204302070309,1.66444368188609,3,Poisson
2.2736823219648,2.69071483324461,2.97265529337465,12,Poisson
2.84996720550548,1.32019963371464,2.24415068292215,16,NegBin
3.14510455725786,4.55120508728827,1.30025177524587,6,NegBin
2.43594741504987,2.6718734198776,2.4834045926677,4,Poisson
3.24583810026358,1.67247749406972,4.14935071327637,33,NegBin
2.96959260960558,1.25325795193216,3.87849829127068,19,NegBin
3.82613798542916,3.44616631742142,2.86781410015359,10,NegBin
4.08334641157538,4.44381433927811,2.46527732582679,0,NegBin
0.052059328851064,0.558698776062901,3.06179305686588,4,Poisson
2.02966060796986,2.53621511825202,2.10533711232373,2,Poisson
4.31713048147613,2.95589259627756,3.81531752159376,10,NegBin
2.64011102873194,3.54611259992014,3.33527331292166,6,Poisson
4.52804883413018,3.69228607348371,2.54182528437707,17,NegBin
1.57242500757488,0.607311953314732,0.805238432166057,8,Poisson
2.07471784598116,2.19556982222869,0.637455088078914,1,Poisson
3.57655161232455,2.53713757949955,2.60740870901864,15,NegBin
1.90370048273305,2.59431535954578,2.32318885552806,6,Poisson
3.91556918746006,2.87578828476135,2.2130299530394,17,NegBin
3.24293851169491,2.39881034721772,3.68066774899979,18,NegBin
2.76478805327288,3.809767495587,3.33922171012259,8,NegBin
4.03874601193932,2.70652333376041,2.73833581440501,21,NegBin
1.09508030696692,1.51654822240382,1.65951571151117,2,Poisson
2.50724641666509,2.44933947308679,3.3548831016416,6,Poisson
2.18725840561723,2.30872311181748,3.43217503569137,6,Poisson
2.42545593952214,2.72190025355908,2.36097592370242,7,Poisson
1.88501449009559,1.50984610036763,1.86368374056706,7,Poisson
2.62761053104167,3.76468094734634,2.84704189612749,2,Poisson
2.73800399538991,3.36195358996275,4.42070978023089,1,NegBin
1.19969957158153,0.668381153435138,2.48419914523191,12,Poisson
1.74795371469916,4.07061438057277,3.26709032790623,1,Poisson
2.77657767175487,4.10310433487391,2.81125504492575,7,NegBin
3.0034688624621,4.2636876107925,3.68326304413941,8,NegBin
2.85052403063499,4.52657306111936,3.66537814435045,2,NegBin
3.8020609444715,3.07448299556808,2.51199691496026,6,NegBin
2.60759818952289,2.92752826605543,0.958133434148725,7,Poisson
0.630401662310187,2.79784134026657,2.04187126490147,2,Poisson
2.59159154947296,2.63544004833587,1.09229833479036,5,Poisson
2.81469397025552,3.17888726783099,2.94330816376571,16,NegBin
2.88385332435277,2.12734344948584,3.02793735267936,11,NegBin
2.52309671635112,3.7613401066592,3.44914314199242,4,Poisson
3.64520213294421,2.62335982587787,3.58617850496243,5,NegBin
2.50949411095864,1.82311829013378,1.69160363970736,7,Poisson
3.17508078166462,3.18206146874063,4.20884334721559,15,NegBin
0,1.23754668964126,2.42317269550244,3,Poisson
3.15990635103618,1.57968495958751,3.75458773805412,1,NegBin
3.36629684026515,2.85556641812233,1.23578152922135,5,NegBin
1.86046704428307,4.05231311596691,3.92513120560856,6,Poisson
3.08358260362235,3.26404094321396,3.08408798457953,1,NegBin
2.6759953690113,4.71938690893565,3.71302166991703,4,Poisson
2.41660698578521,2.89620210946163,3.25613513291827,10,Poisson
2.2362671807906,2.55615432141122,2.31803657199463,7,Poisson
2.75701286318778,2.04607359769325,2.58757446981825,11,NegBin
3.24467491406567,2.63833819888905,4.17644438404113,2,NegBin
2.67590723542824,3.60980350619077,3.67435584567234,6,Poisson
2.95583167089942,2.51716012043514,3.92483650163717,1,NegBin
0.999518983921849,0.319806198189127,3.5780826452836,7,Poisson
2.94632583708649,3.93861178029733,3.87804497438254,13,NegBin
2.46600387921276,3.13408441209409,2.90996605736045,11,Poisson
2.50993410063857,1.05165690039765,0,4,Poisson
1.58906499971087,2.26813614110214,4.70598312636534,9,Poisson
4.20801209172106,3.58186290733889,3.4730070846424,11,NegBin
2.68313468026268,2.13610155217648,5.09377988122848,26,Poisson
2.2988090978169,2.00324383122121,2.73314262358778,9,Poisson
2.7022455021655,2.20223231658879,4.25438722820834,13,NegBin
3.44097079956241,2.82243089396301,3.17913329654729,7,NegBin
2.90194630943923,2.65154736486559,3.42038992209084,15,NegBin
2.68205065852732,2.3567481631502,2.90113012894871,7,Poisson
2.06569457395312,0.674277446288358,1.71602970628304,10,Poisson
2.40382830181466,3.29136217890688,2.56108605180278,8,Poisson
0.917933335658138,2.20640188338894,2.49795057287036,2,Poisson
2.53944913881785,1.85599201730881,2.26923583043697,8,Poisson
3.68506306254819,3.11951285657804,1.41025521119125,10,NegBin
4.01266459010111,3.93718572753548,3.71154218952846,31,NegBin
3.15441635287417,2.63215412726603,3.6172891485247,20,NegBin
3.09913356891842,2.58865323604806,3.65002187915831,20,NegBin
2.25923167548988,2.67943387032191,3.09817809344703,5,Poisson
2.33927715672846,1.99137543071648,0.617523151573401,3,Poisson
0.7598600888042,0.660805742026428,1.40025215403423,1,Poisson
1.47143839250641,0.67206025153605,2.5068534125162,6,Poisson
2.37641598880239,2.36952914274051,3.79665902207778,15,Poisson
4.76323078432706,3.40672662579579,4.08074394952778,47,NegBin
3.14408183066134,3.04309046815665,2.80367925423611,14,NegBin
2.39342334548942,1.78204124111046,3.90421337856154,14,Poisson
3.17819761122612,1.73342365149081,1.1589050239774,6,NegBin
2.39867397743566,1.60205670730568,1.8766655695467,12,Poisson
2.11618252481025,1.81059794127842,2.65450435288724,8,Poisson
4.42357875690191,4.21456701496143,2.57612987905145,16,NegBin
1.85348747572124,1.97610611322404,2.32634056894748,4,Poisson
2.25872817992153,2.64919120880439,4.39791058227129,10,Poisson
2.57862125775396,2.49668421918585,2.63426262623334,5,Poisson
3.15526531279694,2.14512487419958,2.66854491067214,40,NegBin
2.09129328765342,2.30018296724255,2.7580114960802,6,Poisson
2.77513497404628,2.72492636233049,2.53071728416551,4,NegBin
3.41485525417018,4.20082064117721,4.40566543472575,9,NegBin
1.63760225908521,1.99630937233171,2.8309616764333,2,Poisson
2.36178879670732,2.38175761138443,2.46983409974968,5,Poisson
2.4934340049553,4.2873390074416,1.73614653432378,3,Poisson
2.65242218332408,3.48343731135089,1.52956892897548,2,Poisson
2.83561823983691,2.67985050985494,2.23725789337953,15,NegBin
2.03779339952575,2.5096105096006,3.0994263558268,5,Poisson
1.83006157506536,2.21669368861749,0.0428607133198988,4,Poisson
2.92215082685237,4.17943043846965,1.27000734956164,1,NegBin
2.72082976554209,2.80980597268152,2.12344089617431,6,NegBin
1.866343413935,1.28861435441763,2.31022365213673,6,Poisson
3.03042189818286,0.977681176761229,1.68179284217793,6,NegBin
1.36789302969033,1.6044369094405,2.54737840351088,2,Poisson
3.60605520173311,2.30976094402565,3.64309764170985,30,NegBin
1.24295863559645,0.976068882470348,1.23588716482129,5,Poisson
2.30587273910431,2.43325981916471,3.28791083010449,9,Poisson
1.18757339149648,0.880601961302901,1.75727328065999,5,Poisson
3.59659068370057,4.32255864488605,3.25028751871909,14,NegBin
2.5471861247966,2.64473890348159,2.88743121153218,6,Poisson
1.78979068319042,1.04878447985364,2.47021625979471,6,Poisson
2.77495344603878,3.61215201439071,3.37415131537547,0,NegBin
3.45560170874916,3.56202241288647,2.77579180419045,19,NegBin
2.55140373228359,3.93819737194441,3.80711133925818,6,Poisson
3.12272632814602,3.19319065930056,4.34810766811041,13,NegBin
3.08110469927155,2.76792580540985,3.3228998250397,16,NegBin
2.63521761843169,2.02656004525731,2.72791441239415,5,Poisson
3.79708228662962,5.00867759948094,3.91356644899617,1,NegBin
1.56119123060307,2.12326265082262,4.1074878279324,5,Poisson
1.20721873866964,2.09659852266977,1.90878706453844,0,Poisson
1.17526515786746,0.989261247768648,1.2054163328476,7,Poisson
3.40480081915745,1.22925117651009,0.337514670501634,7,NegBin
2.62545020944288,2.52837784062762,1.05567450273441,2,Poisson
4.3747058411979,3.74091149615661,4.03905642751747,55,NegBin
2.75626552143947,3.53870021616086,3.19073948287758,6,NegBin
2.64058608409388,3.17627428440828,3.10943780956315,9,Poisson
1.94089267958108,1.72944883947994,2.89544502533735,11,Poisson
2.58538155751048,3.14471704852377,2.57744655428244,1,Poisson
2.40370033881062,4.44858528895109,4.18564622654283,6,Poisson
2.33160688649165,0.722147582050428,1.14510471131857,10,Poisson
2.69525602458666,1.8893499430397,1.33913012973952,7,Poisson
2.8407390641271,2.956294114365,1.63980174397704,4,NegBin
0.569390494488741,2.60248571059717,2.06361631669211,2,Poisson
4.56462506335147,2.78833007772657,3.96357678556406,47,NegBin
3.2103180798226,0.202827657657838,3.40638301823306,76,NegBin
3.31252704724389,3.03313170351717,2.97222469045685,27,NegBin
2.78730425259296,1.73099755819877,2.0071935409271,10,NegBin
3.41944858290009,2.12177062966417,2.75013270722359,6,NegBin
2.77447955841413,2.77835852953745,0.911631254110891,17,NegBin
2.05139238271828,1.90726131361031,0.945412592347165,2,Poisson
2.64700975245834,3.78614233119429,1.46093190541134,2,Poisson
1.10044531315064,2.05758487720763,2.63387620483163,3,Poisson
4.15819542232156,3.41610593660339,3.28573720856897,4,NegBin
2.76729556498646,3.31151496802216,3.75476057538769,4,NegBin
0.708609735284571,1.294854934647,2.68675728640367,5,Poisson
2.44134523337967,2.44018443903898,2.33470856641673,7,Poisson
3.39228182631017,5.3305105204354,4.07803732888241,10,NegBin
4.92387666269651,3.614429795122,2.6526919134431,3,NegBin
2.63542225991129,3.71971905355446,2.08482364289572,5,Poisson
1.90416395940143,2.0475920048515,2.14433188480249,4,Poisson
2.4513220970521,2.9429325703462,2.95500865405247,10,Poisson
2.47009671725966,2.37197328649808,1.75207249061033,11,Poisson
1.29260467271294,0.706007706658152,4.17078077896787,13,Poisson
1.36121706283253,1.64730133621243,1.15856324164807,3,Poisson
2.29523604263167,3.02771910551555,2.62339097684355,7,Poisson
1.8010566853723,3.42470625541673,2.97694380468287,2,Poisson
3.74137049359699,4.56375753090055,3.83406079331357,7,NegBin
2.43385816086616,3.2966875705737,2.04073166317566,3,Poisson
2.81976138665528,2.77877586099492,3.94404520257571,1,NegBin
2.34141423129491,3.70731904352641,4.4036311014819,6,Poisson
2.97325432709988,2.66117317934124,2.91035966482078,15,NegBin
1.57673865530248,1.81725392566563,2.39775201358593,6,Poisson
3.70206438440227,5.1073533960892,3.84703895450816,5,NegBin
2.22441703437399,3.29841767491221,3.61810318771452,4,Poisson
3.50874594147985,2.26703978799507,2.02521883817359,20,NegBin
2.67922596723015,2.60090885408037,5.13249437938651,15,Poisson
3.54422333143089,1.41133119143393,2.44283827337433,24,NegBin
3.05230069791657,2.5361103247512,1.45768849853741,7,NegBin
2.26402609984962,3.54013838775432,2.27929502912937,4,Poisson
4.23272006125084,5.11433239645268,4.46207093854161,13,NegBin
0.09421408082985,0.0700822261643199,2.12402159902953,1,Poisson
3.21353099991245,1.69981223845753,3.84725852593749,16,NegBin
2.1632729775931,2.04529553424513,2.40931326946379,7,Poisson
3.60071988551452,2.03385011805772,1.79733026224513,22,NegBin
2.61536249501756,1.52906532799904,1.56414869277256,9,Poisson
1.64738174263042,2.62869463548269,1.86391604318854,0,Poisson
1.5923800821181,2.56696449228583,4.62706250245787,14,Poisson
3.80749482524568,1.92682797799702,1.42793846953,11,NegBin
3.26516672358116,2.8299244757028,4.34632579842005,16,NegBin
2.46208313483686,1.78197298120143,1.86374538454514,9,Poisson
2.4716013837785,2.56025512864713,4.3045728202464,15,Poisson
1.13454722830078,1.07426746080369,0.179527366085676,5,Poisson
3.36968698450549,4.72670051717766,3.79117489703333,2,NegBin
4.10559036687467,2.52601764069965,2.54371733816254,42,NegBin
1.03821941148066,2.60267761390501,2.54933558655924,2,Poisson
1.21230190623751,2.52702040510419,3.25286637601865,5,Poisson
2.50162805522198,2.54597592066293,4.61691018912266,22,Poisson
2.57648907230371,4.05586377504905,3.7891015976263,6,Poisson
1.48997548960434,2.5752693205566,3.82404809150241,6,Poisson
1.63202966532678,3.12862973523137,3.41811323324303,2,Poisson
4.40996311506205,3.85275328910789,4.03026495723084,53,NegBin
2.62766153328939,2.33367029865736,3.13181986130935,12,Poisson
3.17348265126243,2.42498988009531,2.02109734982459,6,NegBin
2.8262215371686,2.31387188877143,2.57673598426937,15,NegBin
3.17682156635677,3.07779597081504,4.4312155025082,11,NegBin
2.33255566526017,1.85315421444309,2.89730404478247,10,Poisson
0.587795624216457,2.49595308305992,1.75872738176622,1,Poisson
2.76049005662089,2.51528527087431,1.6907335751452,3,NegBin
3.90928312057686,3.64370108235205,3.15667554440691,36,NegBin
3.69068967121639,2.75715619857947,2.65692463731546,87,NegBin
1.74652811334756,2.95250133091533,2.57756185302477,3,Poisson
3.45490261906128,3.61609017830378,2.4422332024966,15,NegBin
3.67144366288632,4.95918473095837,4.4782823325292,24,NegBin
2.96176379358743,1.52885269859913,1.54024513547263,4,NegBin
3.01521599169818,2.41888766236126,4.81290202661965,23,NegBin
3.2516113236005,2.66271218828795,3.60771639915991,8,NegBin
1.34028528725867,2.16171197615157,1.00058820485508,2,Poisson
3.37204395853721,3.04002334539665,3.54106732181373,9,NegBin
2.67320551981595,1.40168552941166,2.10878771334257,16,Poisson
3.57375515044923,3.57842705315374,3.92549679253112,4,NegBin
2.6218878374777,3.22964443856987,3.07335299023779,9,Poisson
2.77529177900563,3.45186033850079,1.92147099178308,3,NegBin
3.70065131389364,4.11104400922098,2.91907663176918,19,NegBin
3.34455384414272,2.77562715906835,3.52774714148508,9,NegBin
1.77058358841349,2.6855760941671,3.82634061587319,6,Poisson
1.75616537880844,1.83109378398809,3.06364161170432,7,Poisson
4.81016877285831,3.44896527092405,3.7075860831613,28,NegBin
2.81935076676902,2.53438382877909,3.66544618433058,17,NegBin
2.68952642264171,1.31887162455441,2.4173201711361,16,Poisson
2.26900562200606,3.97798156537141,3.04976905894315,4,Poisson
2.27762349735886,2.58976695989885,2.72299108674154,16,Poisson
1.13123822121567,1.85204873365468,4.18735846065919,9,Poisson
3.27743129256505,2.30766318406961,1.84630851384134,33,NegBin
1.65180478073036,2.72859928899682,2.16146086128326,4,Poisson
3.95473216187877,2.59854040205422,1.75157349853647,23,NegBin
2.86756817004563,2.76554788892199,3.50202099483747,8,NegBin
4.3541094999286,4.57783055530286,5.41629296647921,43,NegBin
2.30006636071013,2.26785684534496,3.89863301461266,14,Poisson
3.20894011458288,2.64728396397348,1.10443937631359,23,NegBin
2.46476316222891,1.67021720424495,2.81581969836749,12,Poisson
2.64997141329396,2.55857156581918,4.35025339227711,16,Poisson
1.43443452779914,1.32110396740684,1.18610043596309,0,Poisson
2.99895763342406,1.90706489143866,2.58119757207203,9,NegBin
2.73250048942077,2.41250101649941,2.68762764468065,9,NegBin
1.80524399232376,1.19797901690121,2.21931551102381,9,Poisson
2.69740626633748,3.48785707841794,3.61537341834078,16,NegBin
3.08254008263578,2.0157048923968,4.24540617711001,5,NegBin
0.863291470369846,0.681577872765482,0.994074676844108,3,Poisson
2.94336797303948,2.18045881459005,3.02359817479278,21,NegBin
0.212237129327641,0.999080838292502,3.29375078797117,6,Poisson
3.49944526417135,3.9559087314554,4.015994159465,5,NegBin
3.07816647290808,2.3836100104488,3.1499065864905,19,NegBin
2.36940340708562,3.3861802980641,1.29196791394324,1,Poisson
2.65525752554768,2.16311225329891,2.62378511087908,9,Poisson
3.74490904220069,3.33084451751116,3.37642259669046,6,NegBin
1.56796261512329,4.08432780881331,2.27192639489591,2,Poisson
3.9561261875776,3.4550879439665,3.17922255451764,25,NegBin
1.56027178733126,3.32264671455884,1.40752785477946,2,Poisson
2.45569237916415,1.51545732259603,1.60322359242522,3,Poisson
4.34355697733953,4.79812076526312,4.09717809967691,14,NegBin
0.800549759689812,1.80817077542775,2.70290589410375,2,Poisson
3.16910680721523,3.55732019527405,4.34819739317702,2,NegBin
3.07422127933727,1.61112716197686,2.41738031016607,19,NegBin
2.70299546253404,2.69659452198436,1.01860629199453,1,NegBin
3.47500732171855,2.66018056972376,2.40719975864347,0,NegBin
3.55215809990368,3.0915617924488,2.9504835806157,3,NegBin
2.02741407895501,3.14119965827806,2.50586147042262,3,Poisson
1.93973058409162,3.3210324545484,1.69020835177436,3,Poisson
0.24034005800093,2.69949743485163,3.16981471369149,0,Poisson
4.65159991091777,4.12864134381122,4.10678623649497,6,NegBin
4.52452095937282,4.22773338479427,3.06576902411945,13,NegBin
2.40742434497489,0.511357039046788,1.96072959872541,22,Poisson
2.58292840900285,1.6339635625493,1.41970871196407,7,Poisson
2.63156687021171,1.83099300589723,2.69702954294852,11,Poisson
2.57724755170148,1.32880216350404,2.63536552141179,13,Poisson
1.60315943145793,2.11670033000966,2.2642440350049,7,Poisson
5.74099323781607,4.85285413770595,3.60087564692602,17,NegBin
2.08202339379848,1.24783241870393,2.26841606908797,7,Poisson
3.49329567670851,2.3015538138367,3.54099208906096,57,NegBin
3.4929240261244,2.27495171159427,1.74170293081238,9,NegBin
2.65114192341931,2.55361266869669,3.6891944773235,15,Poisson
1.28602257317727,2.28791312931614,2.5283666419089,2,Poisson
2.19185083383455,2.24111736890153,4.70397408548782,10,Poisson
2.42173115899602,1.94690481958493,2.57918926263317,6,Poisson
3.2387905350749,2.65093535217881,3.16788274591372,6,NegBin
3.67678250007072,3.34194854139247,3.66171354605686,5,NegBin
1.63172035653074,1.75457307237419,1.91191095467215,2,Poisson
2.94679578970792,2.35587307841681,0.944733904650785,2,NegBin
2.41193091463582,1.1034000547395,0.502995523980217,6,Poisson
2.74941417596975,2.53367121835123,2.68198895088013,9,NegBin
1.74249078135809,2.25267020588854,1.41723521261435,4,Poisson
1.00431363767862,1.16436089548853,1.34646325756616,6,Poisson
3.35428130620371,3.90696987155048,1.27387081160598,0,NegBin
4.02709753144414,4.5018046382001,2.48999778107506,5,NegBin
3.3352038240837,3.1031075843179,2.13867779456031,8,NegBin
1.65519578630134,3.65952671807324,3.27517417246577,2,Poisson
2.38954855586851,3.59566847156595,1.60192663084341,6,Poisson
2.18551412978269,0.767643252140308,1.18167143713765,5,Poisson
2.67187961129324,3.23503972649058,2.93895276924433,10,Poisson
1.78643915533489,3.38587433047765,1.95157511818243,1,Poisson
2.75573433573383,2.89706002629126,2.99421942249051,26,NegBin
2.14586336226912,1.61822111621853,4.54812805766219,13,Poisson
3.24756644472853,2.21591966175271,1.86968258036993,11,NegBin
1.98097260427279,1.36836485839848,1.67992748162538,4,Poisson
3.32967627154191,2.01265673111909,2.5125834851328,21,NegBin
1.10983680510991,2.26474615416552,3.15802209997674,1,Poisson
2.74634620915687,1.74086025471008,1.79747033039339,21,NegBin
1.7739482408581,2.22749096421033,1.95017790173996,2,Poisson
2.77399224929748,3.03417367398332,3.69892248355196,10,NegBin
2.83343160692317,0.286006177662842,1.2530735980094,10,NegBin
2.61780181520199,2.23358584833567,4.32446003916291,19,Poisson
2.77746526384399,2.25153180985284,3.42231094255326,32,NegBin
1.63998297519565,2.23821721172928,0.833759386423871,2,Poisson
1.14432188829179,1.93923953563758,2.01777091461913,5,Poisson
4.58927207381995,2.39657061529594,3.76338040409995,29,NegBin
2.77621638092458,3.93254173620566,3.3973962644256,3,NegBin
3.88470175066814,3.70137682715915,3.6849603193354,15,NegBin
2.41974500157206,1.88841748920148,3.51210070946336,19,Poisson
3.61753473921406,2.18386863118986,1.87987890644142,17,NegBin
3.10360210382071,1.86095438235976,2.3211239683988,17,NegBin
2.31074879732381,2.32932002378752,2.16328708297403,7,Poisson
