"Y","X1","X2","X3"
0.692083544134326,0.691746760444554,0.882876177602892,-0.376605116918137
0.778814787105393,0.764094812635557,0.216012634594547,-0.512574707429182
0.108385472794744,-1.43324593188478,-1.01172843279826,-1.20440950117248
0.881698550872842,0.511183248158246,-0.687091248587558,0.0669415868405936
0.720374958931265,1.16307464483781,0.166182765131468,-1.81513836484274
0.589635517964288,-2.0808240380215,-1.25542528297675,-0.599154414808023
0.307320897829992,-1.22441212474982,0.538303852504693,-0.461123271171202
0.435916852900037,-0.407900573297011,1.05079483163253,2.44500640956357
0.829230729299334,1.06268893835205,-0.610985376547735,1.30434896196853
0.25349404950241,0.325096280067306,0.734156790523057,-0.0884689545713575
0.189997601789238,-2.61007516606864,-0.98082474127763,0.918122939311741
0.329814872893623,-1.33519407785119,-1.05439816068393,1.80544561334251
0.728080369556731,0.439370529302514,-0.3937200325484,-1.04593107800375
0.253734018381028,0.00522019875396818,-0.558880315716108,0.372512685139917
0.6231177026825,0.417951477434512,0.642167044095726,0.199560625233479
0.199018873321063,-1.01878995606217,-2.1152468400315,-0.941013870793885
0.511403986587577,-0.98045431603664,0.173945618503834,-0.394437364222814
0.710247392396699,2.10601782107538,1.84989754638656,0.51131933191015
0.638019663444919,-0.972732182397131,-0.253046495918639,-0.418332437751298
0.787874434315266,-0.166928545773705,-0.218048060970851,1.65273871073316
0.703586838572028,0.964635339823372,0.846414119920899,0.662721793200831
0.988232292061792,0.70559393322543,-0.38359526816031,0.230693325408332
0.672653453271591,0.999220185360975,-0.436941351517339,2.03647289048373
0.944785475495894,0.207492037771622,0.404902890019852,1.15621613086935
0.977336439764559,1.03784488098596,1.04287358892142,-0.783924691779899
0.676502285161943,0.86994364650739,1.81298650957576,1.20711179357741
0.607850276465932,-1.5364226797007,-0.797861644511972,0.50146262323999
0.728426990814259,-0.810356313920599,-0.294666709507119,0.853426163727113
0.598552986684427,1.51679620872489,-0.167156562907612,1.43109200348674
0.0675710840015852,-1.78380363844657,-0.551507086298635,-0.580860541917068
0.665229149506651,-0.225788295433278,0.396264684639573,-1.31037559839494
0.445375425406966,-0.0786399214176288,0.419843464709227,0.345178993101842
0.919633216510506,-0.00983492932268033,-0.922242087698228,-1.1880668909962
0.780373776442939,-0.132049184736939,-1.10341621539059,-0.794838330401694
0.672513231869616,-1.45489771873342,-0.3387482952952,-0.0907528225106713
0.646407271841508,0.0462245759312244,-0.47909151228334,-1.24628250484349
0.546914463201673,-0.575239498753291,-0.478237683404709,-0.214546973668467
0.622908472983228,0.34260208193339,-0.644346516746767,0.541831321509822
0.570379840687178,0.663979570653611,-0.330544234709831,0.439124133628156
0.256145412963201,-0.684021624618009,0.221499912075671,1.46867677310938
0.497262436693917,1.03972088881509,0.702808689977253,-0.205206188158237
0.928280428182634,0.149064470289695,-0.260002255825685,0.67477738231835
0.655087263516954,0.345897771622135,1.94736256716411,0.55013459750982
0.442049113622961,-1.70067408942565,-1.6092676290015,-1.76265576399132
0.572530195837872,-0.922731634368694,-1.38077209126198,-0.435221078927717
0.982809644440797,1.13793388351883,1.3624892069794,0.00148477041362478
0.852463194510127,0.904059358963289,0.557166408932454,-0.629385264851947
0.389545989540138,0.587039801858467,0.472002149496607,-0.0144348988837567
0.430245760669841,-1.72775864056705,-0.519178830836576,0.531381551787058
0.842978465635339,-0.372419563999246,0.589515847277942,-0.0721561635260814
0.505744132355005,-0.435544249815236,-0.153131707245226,0.0152030187352588
0.631305611336445,-0.0325162923132122,0.235357153095389,-0.169534978971414
0.5107157035733,0.158604183803324,-0.474621090065942,0.495906426618306
0.937248150552329,0.00890659508494884,-1.8183002280718,-1.35978815292809
0.722854206408697,-0.369987975905828,0.02837992095759,0.953741789891867
0.450984907519011,-1.29302004252288,-1.56224437337957,-0.599942920299281
0.993326436814639,1.55773818915825,1.44684295803532,0.526087331554263
0.636485166286097,-0.233359245730061,-0.815329169921122,-0.272578613881927
0.74660589923774,-0.341285691094138,-0.3224362176589,0.442542502838352
0.990172020737214,-0.331571640154005,-0.386147282455147,0.271554560298614
0.2395123866134,-0.529000880018724,-1.12094974289694,0.940981372301627
0.319392976780947,0.270457206065832,1.0318408433721,-0.235342379922455
0.534535643582216,0.337457068843323,-0.650791802638267,1.24938535008127
0.685789309066777,0.455428620250523,0.51631967610852,1.49114000510967
0.884044405813112,0.988008104362282,0.822522065203965,0.675279317955257
0.278432724987522,-0.012577436657048,0.184234251170208,-0.980857394736986
0.792402273527807,0.0913413777192835,-0.13072489763726,-1.09332887742619
0.454811894825315,-0.100842119633099,-0.30846441390954,0.341119670160203
0.400466065221046,-1.54102874818936,0.335459576007786,-1.05108109713944
0.609065699485867,-2.68215399215907,-1.64872739322936,-0.325205559294523
0.839527879222527,0.375800433923871,0.0220822117637175,0.814346890110095
0.872191751648149,1.85585516840266,2.13839060674234,1.32335736741696
0.53387389452737,-0.637321232467302,-0.267553479030058,-1.55137852089667
0.513932359639758,0.563283579698542,1.01351390964298,-0.00844002449781424
0.666520657896788,0.47464554622818,0.400162167331136,0.761455916091101
0.573086181213527,-1.2666828602862,0.07613251113918,-1.31219332326583
0.839321319513056,0.342477637151012,-0.298589459721005,0.70300016485594
0.244575755241452,0.212479510770319,2.2189531645191,0.262037059840796
0.7828855302516,-0.300523646419626,0.130948849166196,-0.286244742032905
0.484664186938946,0.124365712363387,0.638913724690727,-0.538520132614628
0.0836016515109446,-1.41187061010381,0.384040238862881,1.09370637631091
0.503639014589208,-0.902471035993166,0.202580861469594,-0.226603962804446
0.938848595092143,0.285168121790766,0.143653888816717,0.462760972100766
0.657210085330358,0.238173101935295,-0.23130046532043,-1.63881266635474
0.736820351389198,-0.260751898933232,0.248971472243934,0.55818362165142
0.184218768361658,-0.740764775708622,1.10204595007987,-1.33338093826532
0.527082338540321,-0.987869133276976,-0.0848629997023763,-1.61266363064212
0.670346767593439,-0.823662688756721,-0.425813258611649,0.302259025081949
0.749334000655722,0.102982361963937,0.803405406512715,-0.230924441851602
0.766740884639818,-0.409543448088687,-0.28509368677442,-2.14888619163521
0.294277597089411,-1.16938478340254,-1.6414090037486,0.695129096795221
0.92610767980838,0.755899140072849,-0.209346542986724,-1.99234738881268
0.768855141781174,-0.886210026682361,0.272354650598161,0.0478150687746344
0.854322991469543,-0.179085054926462,0.626936506968302,1.06295456263241
0.446920018039994,-0.885712613063819,-0.894424754939928,-1.44259705126155
0.398301264349013,-0.0203257272314138,0.798564063129177,0.613304455688397
0.235997607739834,-2.31282038400295,-1.37821981431991,-1.40547878709008
0.445717359926166,-1.70519038235126,-1.4021567952219,-0.374434822054813
0.592179252596934,0.264431453287632,-0.266214249560434,0.625507074509086
0.633637704833738,1.01014128612592,0.772044400401805,0.594424800545333
0.683601680271536,0.0438177482723675,0.567844951740007,1.09724518888824
0.538403734062366,-0.414554375451411,-0.535545340884627,0.435489062626611
0.579928611252053,0.959105630990739,-0.080727528642569,-0.334966114437747
0.760852015514842,0.868319323972557,0.566287731594254,-0.742232769398934
0.887904711006396,0.856995399091682,0.5297710344564,0.859320505331864
0.681343520622987,-0.310711325965142,0.685114779776515,-0.351740437091557
0.733338220972857,0.970643534152259,0.929786087305234,-0.166586564810524
0.862142926514821,1.08975278039714,1.60408001308529,1.16305930586003
0.552322212423132,0.99516849775467,0.403511133661371,-0.606354963380088
0.467302756340269,-0.64540930415348,-0.98039484666246,-0.476698147876837
0.945416195475321,0.690482314403447,0.636007669511105,-0.0449430708395378
0.512663225052987,-1.23947724127281,-0.238669707471948,0.098937071060452
0.457590048882369,-0.254516758749486,1.49611186802046,2.65094753736289
0.74949825375762,0.586932181440674,0.0302748553282239,-0.543425579030429
0.690710716149347,-0.338876548390004,-1.30615351126584,0.592062423745408
0.360227090335627,-0.946744039045247,0.0476638608769147,0.221053446149595
0.641148081120854,-0.208937852157189,0.126100134353951,-0.188371036672609
0.911751007840266,0.849416082952826,0.424805604261082,0.196347868293215
0.481854383385119,-0.302316990698612,0.777541168024798,1.58868413492883
0.962959454408354,1.78799737857645,1.07918977521254,-0.636129933969443
0.761466110312266,0.189152477169385,0.019501571212251,-0.533537166080017
0.861732698838696,1.09077149264269,1.40999954024254,-0.451976119348086
0.880897797178344,0.0747862848789056,-0.232301721152688,1.44747907048607
0.82144620088783,0.639374263897041,-0.207943459944759,0.193631056486373
0.682954498363768,-0.771249727251263,-2.00816762403725,-1.48752990379279
0.858518743031797,-0.454889775696878,-0.58647118703517,2.8660716449193
0.602943462334305,-0.36998176661226,0.0793995593563367,-0.286729023206105
0.893085982077469,-0.0455911273771599,0.2452641681527,-0.439333329687458
0.703280053279669,0.719213722879915,0.621542788897439,0.929425740811138
0.557238611050349,1.04976024079878,-0.0493726502202321,-0.921236265447831
0.141945335980226,-1.49817241243439,-1.09668713758709,-0.739847965963196
0.841736835894757,-0.482883850886535,-0.138533933956113,-0.456812634516986
0.0665609742122333,-0.507091990337143,0.226389406107217,0.187902464586769
0.878721318304623,1.40262847993665,-0.292677686000769,-0.125223039522322
0.569967300355175,1.04443967242874,3.1933740905015,0.318018861713487
0.556421059109496,-0.628842888791962,-0.756204866504736,-1.30376877784183
0.771236584918529,1.51587036192699,1.3100576457824,0.508869243438045
0.246429269858794,-1.62382587201718,-0.242318748659324,0.191017032515753
0.302783854903516,-2.07018068922132,-2.02613604330132,-0.195213690257598
0.635792299028846,0.387355449008297,2.2726810785585,0.57593563522659
0.744113670533639,0.0147594440355422,-1.04143637694761,-0.579460600686635
0.284603070653178,-0.329554490225971,1.14927241043608,-0.324558665567877
0.263039479820747,0.284305175231142,2.47236688839201,0.78184585764106
0.661856567175175,0.8219311207909,1.65641998595736,1.00538233592956
0.914819003975509,1.18247132996703,1.20983294762746,1.35713877714415
0.471083351504108,0.494255962728597,0.89665439275746,-0.249944843139421
0.634563891841606,1.30642004772637,1.63951106145092,0.35363867654207
0.580426788121544,-0.959222642136055,-0.923556706140613,0.394755119647546
0.407780290123436,-1.82207535266575,-1.1129820270341,-2.03951319674516
0.89537806314888,0.82813301000788,1.07690183849235,1.10195694904077
0.648476395769554,-0.382675363647169,-0.914036089733939,-0.510226183350285
0.921965755233459,0.523206505259846,-1.37193364108617,-0.923256755189905
0.862820417681101,-0.337490261425475,-0.616956811037783,0.25380108441797
0.736834374957617,1.41622997396043,-0.0929710383319941,1.12256608466492
0.594885786435112,-0.373703229800604,-0.342080067185244,1.12428976674287
0.837129905553635,0.162765444649128,0.219011536055104,0.278088884520333
0.271009564696682,-1.21839600141138,0.775327941272065,-1.00953796998566
0.896199851492117,-0.345902840996786,0.92112954462831,0.245683396282466
0.633729821135792,-0.340767524912794,-0.47614621980148,-1.55917150869456
0.941122876387356,0.978149403718618,0.0549478736601915,-0.189381631437487
0.185059665837083,-1.19434843226995,-0.781384647794397,-0.446716406887196
0.831055180910907,1.20025000954522,0.635571340296079,0.603731348827117
0.491191470501892,0.575045482554257,1.62665777120911,0.662646427507839
0.460705127423519,-2.59125261132928,-2.54477993043426,-2.41280318442168
0.77617857088609,0.719576436791155,0.32650310871626,-0.116369785727692
0.67238381537064,0.562240945329268,0.231990667902444,-1.66017904138983
0.491465493545097,-0.613673378260687,-0.641711509297529,-0.190002997992904
0.865879957298217,-0.255749078260359,0.650578835824919,0.751033705706864
0.951274930165929,0.353720234854962,-0.445071976866958,-1.18739664493311
0.118044251915896,-1.01488895488453,-0.478298543424293,0.745528065426898
0.757301624491343,-0.03131446946453,0.149472144467608,0.408889092107677
0.235212109480717,-1.48463957869199,0.787025810281873,0.544939064485649
0.80234830036664,0.195431687107674,0.523703081261519,-0.74906331710319
0.273719087681133,-2.35694561262249,-1.01087629808235,-1.64076469306203
0.367450714083145,-0.0385174906915623,1.48590875106871,0.180870324320461
0.706749398412995,0.2924440039796,1.06701799543579,1.21785195625569
0.616477706059819,0.173210758026616,0.136606908540975,-0.450148863240462
0.365468791787962,-0.120467313641393,-0.408402115108274,-0.17772895990519
0.752323931129802,0.942188647447326,-0.688085891702041,-1.34564117429117
0.852605783318537,0.905517972583288,0.258738989536393,-0.135793358642182
0.79164228831293,1.19088966905785,0.332849662697987,1.00861896209049
0.25195055316726,-0.874225866422738,-0.674038024024915,-1.46676286167153
0.599156686353193,0.166128557383321,0.461700875892002,0.164324459831981
0.470158745527123,1.34386964621907,0.214104237422012,0.473622243034555
0.249083864062718,-0.0987204635456819,0.109418738289026,0.584400592167872
0.0243842222888367,-1.08754251857674,0.888583258167615,0.656761008975316
0.535122430727195,-0.832683440532627,-0.35932876496894,-1.49306490009247
0.833875467616571,0.494265234508121,-0.561485728581153,-0.0994137663138582
0.359233474873267,-1.51491653871869,-0.51261249479961,0.354285414669295
0.626927448106751,1.55614900610198,0.556205428053027,-1.10345127022273
0.512233627160048,-0.0120779319416969,-0.140658186836044,-0.368890597485212
0.462182937516336,-0.917154763962574,0.237749711887326,1.56478475397499
0.621772416501889,-1.24469671671129,-0.20822624600519,1.38239108748235
0.452907706517578,0.788258771211799,0.517335531960188,0.80618189720123
0.732348886630983,1.51443804412038,1.10769767971212,0.366551795291618
0.400318430813889,-1.12662032157004,-2.34724334234251,-1.08518047540442
0.391651545290807,-0.246690408140862,-0.301761165750866,-0.906894441262622
0.269014550990629,-0.0838669272058014,1.32619793367318,1.72501107623639
0.682651267632057,0.923142715207614,0.538342511561093,-0.0952520408510187
0.547322526322058,1.04349420436695,0.562052159008212,1.21308247347424
0.699678710584628,-1.06323871794674,-3.13689997711094,-0.736540303683331
0.485034909889747,-0.86283279712891,-0.741036170741184,-1.52604388204189
0.572626104836564,-0.326068517625888,0.272234914847108,0.717235625756718
0.825273582158251,0.290538590748477,-0.814573585719763,-0.747469828166624
0.881343470474766,0.559105818704187,-0.424732733178874,0.944043564963437
0.644410864477957,-0.413290655012223,0.589704890406325,0.978217443652875
0.792790642354283,1.35315111699988,0.447990396218113,-0.0103018022064399
0.723497533160309,-0.287430184200442,0.637290108953718,1.08546018069818
0.347739175990625,-1.45879820384931,-0.797657621953891,-1.66543983057527
0.744803725579991,0.162487127663733,-0.328107837328186,0.346738248856854
0.823167831127032,-0.14345838039678,-0.185149276801568,0.0728290601912303
0.727064396434271,0.170480210948731,-0.348763588921589,-0.399497334922967
0.258964497682846,-1.328279855992,-0.759746144595315,-0.784064810023245
0.755982872061606,1.72111676131323,-0.344893482979984,-0.1765714582463
0.801721411867104,1.11420600324291,0.495344274712507,0.719953294230438
0.190018278311976,-1.84998561932647,-1.31952003722969,-0.67810022015001
0.734238117505804,1.65194760397301,0.308050541475023,-1.06452426449827
0.912402207368259,0.758029966201129,1.46256859687035,-0.720082451887418
0.522829224036102,1.45200483183658,1.27272775885512,0.0496166631912589
0.974959414635819,2.32720898359104,0.556534835797627,0.0523993335236461
0.972634576682977,0.174033080044833,0.519279998793536,0.661448970042563
0.502515686481169,0.358255566261062,-0.856669277061641,-0.96399746179782
0.422632676273264,0.0533277756948745,-0.497858529973833,-2.30977792923333
0.285649064179457,-1.2054254197365,0.72059304792875,-1.32912952793046
0.358339484336675,0.102530092262984,0.827144080760125,-0.161984370755077
0.311538726660136,-0.355130024577637,-0.291345638141463,0.585107514626976
0.805742997472832,1.66499323135288,-0.0206936315752025,-0.0157368106802433
0.328919194443907,-0.228267202442689,0.747013985209009,1.20381600983003
0.242046144344691,-0.763114804094671,-0.942631572735063,-0.303199990974894
0.680690745705636,0.224696043983699,1.30826203320063,0.801554987417668
0.295447522837777,-1.54929674540565,-0.97086489309529,-2.13914108245608
0.25115660032463,-1.16455684268273,0.207121106284994,1.27519871265619
0.634395119861175,0.475676861811778,-0.882305457829349,-0.0312492951659903
0.883425413000562,1.81923132725881,0.380079239039187,-0.57403721939549
0.720927486115051,0.789627047755392,0.193896338716828,0.366153208718476
0.790629497303176,2.39480305178286,0.7859995622231,-0.211384030476479
0.807209512541394,0.112471423944718,0.422728691074488,-0.156783270089208
0.770395613145932,0.184416781272702,-0.692422058469221,-0.456721730550868
0.874829539133774,-0.485401337759413,-0.480181153968684,0.275863558016595
0.8229692791131,-0.295596752718596,1.06446138013363,1.06719212143989
0.702593160089758,0.611681422612562,1.20421838607989,-0.0845139043259367
0.742257492909238,0.0360780033949564,0.276939017474291,0.917354914046876
0.287719755395243,-1.74953561961146,-1.56346298057204,-0.0408817172038819
0.874072855529445,1.12207941363573,1.23320863007022,0.208384641316382
0.597017339000169,0.0326141974964759,0.772332030779417,-0.492099326556076
0.301766265436185,-2.65541167587049,-0.572484482730093,-1.25069865587299
0.907091351598119,0.169228319850847,-0.16772048585434,0.269565768446382
0.901111775457731,0.683461467228115,1.21354452272811,1.28669630688401
0.974364930424566,0.0896945536707943,0.0616946951909825,1.52878194882533
0.0703342294060146,-1.19981981841561,0.359504078788171,-0.339517050226799
0.295224000816529,-0.71692458969599,0.827778087194593,0.775020248911431
0.846895325932042,0.101583244714552,0.438794791384564,0.805966448707235
0.209671427002557,-0.51865847994275,0.97485231036455,0.3003604557321
0.575727214283511,-1.07166650389268,0.921523584322482,-0.135941333536732
0.456872362959289,-1.52823975618904,-1.93670566992485,-0.1062374098804
0.929886435386287,0.910553280344449,-0.260119637594039,-0.47351388939772
0.18188131118928,-0.753645858379821,-0.196997739604325,-1.69819016944714
0.625528709623969,-0.88205266088513,-0.467501037139409,-0.0842141540743181
0.202802018809566,-0.324450661637003,0.71407624647923,-0.195236175623769
0.571119012394685,1.29373018086725,1.10164328997538,1.1863970145253
0.401293995136937,0.048180916111526,0.344386676290325,0.872532951969999
0.592527630724948,-0.329308056850983,0.762348750552578,0.715754400202023
0.868781133543353,-0.234349287658502,0.409372823902523,-0.345782828787395
0.454113926463318,-1.30893678684201,-0.477170164427223,-1.31325012115262
0.371867332533036,-1.6450781540216,-2.15737161670966,-1.49306049874304
0.409702327343116,-1.46966550070521,-1.74849218335677,-0.263541861856429
0.717559587058993,0.0605788713784779,-0.149903450998711,0.451094826469558
0.956628800645849,0.35330328892203,1.7083928199837,2.08156880758852
0.381296518698599,-0.43176901048751,1.27396549733367,-0.0350779820716394
0.363257651847739,-0.376370194289327,-0.518185588928062,0.801742794150299
0.573143639322943,-1.14620472279522,-0.738729749003637,-0.0190154376084853
0.561161361340178,-1.0543647491356,-0.870996360185942,-0.264843454022033
0.695211103133832,-0.30140146929933,-1.17905078229914,-0.0218455333510571
0.75244849357906,0.851077577143136,1.67987033524336,0.639838028155684
0.727499849235742,-0.139367926932161,-1.30121439416761,-0.479705683878821
0.417690636506653,0.0706045287660757,0.559307517016685,0.402521469803319
0.585402604981352,-0.454487702387387,0.225563381278103,-0.211152973174984
0.362048939931895,-0.584394105592632,-0.0886836162919122,0.561159420303275
0.871941762717812,-0.121972419776612,-0.548915133957971,-0.310894992321235
0.86093181382046,-0.0721037946518489,0.0995098039021884,-0.101103812642224
0.67130845203512,1.1564019412472,1.94031785678491,0.690089951551633
0.326055473766015,-0.627146042025651,-0.445720716425373,-0.662778953370542
0.201348839363922,-1.32111671216669,1.03683528888457,-0.752517068884277
0.797144993959609,1.07896603418642,0.824523763819634,-1.49064842587267
0.995520415866178,0.734535256537684,-0.144451065494245,-0.944520250208544
0.494746484911225,-0.140841225376519,-0.0116740055902075,-0.173258802067562
0.864061759938787,0.2361907971204,-0.511833430670791,-0.22121846153733
0.445368742785855,-0.51915394426413,-1.45570001385669,-1.90104200819836
0.870082901649078,1.36944675230192,0.126600990568377,-1.10537773929351
0.492980055104609,0.305852709230149,-0.437659475004424,-0.250628678364049
0.243451160548837,-1.93757323786437,-0.146887751192044,-0.670945371540125
0.539687941089179,-1.65086985355939,-1.1376385973599,0.476602741152822
0.900932875781709,-0.20218558688872,-1.81627560006438,-0.556981098657458
0.467152698566022,-0.44589922634255,0.522629234666026,1.35273033800743
0.778649315427704,-1.41569084769459,-1.924745869976,-1.27873717786781
0.157629256577328,-0.0467935755692641,-0.148439900049004,0.0568217024311988
0.202214513019519,-1.37968903235353,-1.90155908012895,-0.998967390238312
0.593169013533212,1.34975419013697,1.39784727974767,0.308046074406594
0.669914456654646,-0.260443973703371,0.334053015072439,-0.160772031113951
0.596615488794835,-1.37135480681263,-1.21274527792576,-0.244807515551791
0.777357452672083,0.99524364008905,0.594855413422198,0.0243607932752771
0.745274974014586,0.66164989417347,0.773262984489444,0.278320544219484
0.543837231622368,1.28281150705271,0.932214636241813,-0.121909713578712
0.522837325314125,0.826670567518729,0.609725931247499,1.05643631600903
0.491896399654745,-0.178292035665624,0.716048928329964,0.46848933706425
0.5660463637753,-0.0903064937874155,-0.974811853026569,0.406349508987788
0.988089799961138,3.05430627021048,0.689404328415039,0.956918730423377
0.675802727635955,0.395469567135398,-0.976618115479003,0.175725676831051
0.492615642755858,-0.712611807971943,-0.655873458477459,-1.59934241508634
0.530577275963444,-2.34567414851632,-0.734040052914447,-1.7483708413047
0.622932540547647,-1.62175797144008,-1.30856408578009,0.0146459429695922
0.347775680433492,0.00850529650050299,-1.02692026784461,-0.730436126261375
0.925607942482346,1.33565591523975,0.926031111580679,1.8438421811773
0.607354094629492,0.311579482289453,1.26296743057281,-0.300637758244313
0.794748674496088,0.0381795060728175,0.953736979806014,-0.270298189436584
0.666931186062228,-0.699350344034903,-0.721657878651717,-0.171856092036829
0.886294734401433,0.659124725336663,-0.146434392844713,-0.285957368911915
0.748557886858164,2.1406275319555,0.8327091087732,-0.134642941222798
0.362434392531171,-1.56956162826288,-2.02211904578316,-0.179273292690052
0.348595263941679,-1.28092130835945,-0.299163190508245,-0.560029514911818
0.224434096766289,-0.455662191598502,0.582409018875391,-0.792495437805221
0.193943799533915,-0.851809610091522,0.337725276500395,-2.57381070801393
0.643270723459577,0.36525510147209,0.576546236458257,2.33904971519317
0.474342618831193,-1.75882419394132,-1.47903979965508,2.00680276134389
0.792930561572832,0.450413367328091,0.228610566563348,0.568869278624728
0.663320093232479,-1.36966708032611,-0.131035328553267,-0.0782563077689169
0.97188757335624,0.12357865280024,-0.957497684138503,1.15217850548044
0.414028544023294,-0.319431348661131,-0.231231124658223,-0.992379663678726
0.787023713659296,-0.142933750370473,-2.00928010290138,-0.880975323443549
0.627551490230516,1.03001347443228,-0.0504301654195222,-1.09925160614674
0.798954739827202,0.0420456985533374,-1.37578881530889,-1.02195714262618
0.75345485660832,0.774095439703825,0.727562661935458,1.32297503834412
0.461133759658895,0.672856617263616,0.678798218654421,0.298184387926312
0.159569535360886,-1.50550495726862,-0.700525865978842,-1.39171706327952
0.657080720440907,-0.47324884572347,-0.00252263199859555,-0.43881124184973
0.937857214091653,2.45499270551019,2.00699007513182,0.158098694421854
0.634818025020152,0.790555398251442,0.869035475239225,1.58665617523678
0.45682374485153,0.818039541901559,0.392899826763094,-0.856892271051403
0.215932905952803,-0.652408346665908,-0.598618967249038,-0.784661545092932
0.453222799020857,0.360565364195131,0.0507566391347729,-0.198533514779082
0.759651532486718,-0.602328108252764,-0.211521811904053,-0.680074294676073
0.442305684930034,-1.65351113428867,-0.726396879704862,0.236306717102339
0.210399550353667,-1.63547005151433,-0.539196936851432,-1.82733761589944
0.732305900572803,0.672549103375644,-0.383405528704564,-0.434076602839742
0.61082294659321,0.770580763239171,0.237029775308516,-1.00062381762305
0.751103866589397,1.71165114335608,1.62452858356468,0.6686410554938
0.5969718649685,0.161137315051877,0.478049107079278,-0.998408044002892
0.534522865726844,0.153431233632315,0.550464566504979,0.641910977212512
0.866301039639795,0.714701304525757,1.51448351178327,-0.0914148596605412
0.612143318781461,-0.435780442659941,0.663538689001415,0.157403410165911
0.782759574229586,-1.51831667538023,0.19204137940198,-1.14361844579618
0.978515976467775,2.63309809910625,1.3493400061123,0.587165342847521
0.886174498709213,0.755553910527058,0.403681467702725,-0.220883220413104
0.173887272403611,-0.967037965655557,0.368131543091601,0.336361991150938
0.944643561154713,0.756980503927183,-0.00165104458531696,1.44959400235962
0.43796819388006,-0.940161429149876,-0.898831475421261,1.25028693280214
0.548029506024833,-0.0125481131038689,-0.737188853488356,-0.166354556611281
0.778550270589274,0.631809007813408,0.362540900539908,-1.04403792713857
0.699476808146315,2.11054277535232,2.39445611184262,1.13936972933727
0.253335856038968,-2.24023886258859,-2.154333838888,-1.55013185573779
0.638512969947914,-0.560653480298501,-0.316604499962803,1.52077733027563
0.54999552609296,-0.22914470736624,-0.984310168043849,-0.247601955091761
0.769995443341372,-0.0894239801094463,-1.23638353597343,0.861899017087583
0.253174806019085,-1.37018037547534,-0.696009557928654,-0.281366178640153
0.354441182156837,-0.512724224616327,0.0241757546686156,-1.55333926907319
0.873021642720766,0.285616891036512,0.146282855681569,0.0475038214533526
0.924518783977371,0.344687856391018,-2.10778231874574,1.14559032603148
0.272759603946436,0.151512458026919,0.891131989899905,1.19671633796683
0.58491923356479,-0.412209925011463,-1.39055323170076,-0.0905352252179748
0.406357790068616,0.0364648454254236,0.445487823746824,0.612095908037245
0.187947042590531,-1.85606621143056,-1.69375906359352,-2.12476792928967
0.778245272149956,1.61267980407884,1.94577602683206,0.136467858573998
0.634938120990911,-0.330676894372615,0.313367131733235,1.18247608073466
0.962786784976023,0.698618284947517,-1.35663416830536,-1.27972232819477
0.614055695742783,0.165412116879269,-0.451271468282617,-0.954369458332775
0.578830655119396,0.368010277360768,0.143187228788467,0.931551630886871
0.941221584948801,1.71582880353265,0.568769988394969,-0.0220553271742409
0.982667814546847,1.00237419733056,-1.14106036056972,-0.128771737624185
0.958594568037338,0.885141384465236,-0.229689089575701,-0.671421602280121
0.458577034411871,0.517781268045697,2.16352615087779,1.4471341664413
0.659701750867834,-0.663292952675239,0.455588632602664,0.106631985584666
0.346882923249764,-1.00350097526429,0.624195862178374,-0.114683415145475
0.440147631891715,-1.52196480801855,1.30255704058894,-0.303984653418081
0.867598340155016,1.09760384452913,0.115832428126722,1.34750347020881
0.568576471967303,-0.875155265449102,-0.227513020772765,0.0197520564406486
0.185257726631324,0.0070670555997253,-1.07792893746406,-2.25960383779178
0.993686914237097,0.202095603362684,-0.986887705728382,-0.223077927003146
0.529814682193914,0.62269614646554,1.20395323466809,0.791472197534165
0.709878883765662,-0.0543859013839585,0.331280612999603,0.782876564895212
0.672564574251055,0.429806558189614,-0.304226859552853,-1.0013806502341
0.986653861108599,0.83249345433682,0.492340984557501,0.151366307934217
0.662609170633021,1.86706158321873,2.36745980218313,0.652075014221581
0.702773085480043,-0.882689848044065,-1.27848935031863,0.227739866388398
0.617393493373037,0.275629393551172,0.219191005515611,1.55799732914555
0.66811594957993,-0.0396161545872172,0.518879056087225,0.897389102238928
0.150584206094724,-1.1089502824331,-0.431366675952017,-2.11012403505256
0.654848149061475,0.655435668699967,0.245365906240586,0.964953208483858
0.495780586845277,-0.607920657297401,-1.62955827502349,0.437666758010133
0.858766552047595,1.47743626379342,0.295923644168308,1.24012579516684
0.592150672613993,0.902702061191106,-0.0857105635330696,0.00935728241219273
0.72157610328672,0.365404756404929,0.474084222635697,-0.777453003659768
0.781968096288481,1.00411569134055,1.353769870694,0.276491859073065
0.73147584169073,-0.0815760846884936,0.739300320405555,0.839514722636035
0.318792196306829,0.0540238196190497,0.304705904557691,-0.346670948074088
0.322683452253964,-0.336908270921664,-0.969348151079302,-0.195917096183659
0.551749063076536,0.789904099202201,1.05619119568629,2.09900857561756
0.47497569329924,-0.765282852720062,1.19436812992117,0.328494194979758
0.098156878261112,-1.99877271254037,0.159686827794697,0.0881526231643389
0.372208614078417,1.20705956642877,0.706816288837811,-0.794137149319836
0.612032956718608,0.0157287871561838,-0.229062023482867,-0.327908312752272
0.472352771599634,-1.36964609840081,0.804433261258003,-0.69547242584625
0.766506180072802,-0.817559179277075,0.126506312867551,0.0699750842765705
0.790053598217643,0.0478134162088643,-0.392087512618101,-1.26048240624885
0.47137040571641,0.323715025916103,-0.789415815385175,0.890028340352543
0.281825547799107,-0.653418228569919,1.36979760463405,0.160578176949193
0.804172702987203,1.4218768390128,2.83601776978884,1.83268232280018
0.551476652437219,-0.612135693451225,0.577968447792881,0.231386627606061
0.859874890766652,-0.20913543106639,-0.435741346786775,-0.353778650849498
0.636640380039282,-0.714101343523881,-0.755873549759865,0.315195607033237
0.605308364441628,-0.00203386305649422,0.540777112143338,0.783081086523948
0.186642119122392,-1.98691063485043,-0.608730174122345,-1.63347975205597
0.104641802840321,-0.971087673862825,-0.054104872467746,0.406153015839152
0.55921810456076,-0.467366701737322,0.149959011405891,0.0166693424870033
0.736794283811131,-1.39033059164438,-1.05120776345291,-0.472202967088327
0.481208305329083,1.51051939458208,-0.175991194639007,0.374586075640914
0.569390739338495,-0.667213324353397,0.508101891583688,1.28961775689155
0.871066489995695,-1.83932641600558,-2.04222605245908,-1.68139387735507
0.901075300165996,-0.696986361830967,0.243235200933042,0.45522129316912
0.147251489778074,-1.74238020455488,-0.691576109807055,-1.43269146754284
0.929423319691987,1.51754876378908,0.904045583512954,0.930951731401512
0.28023414360833,-0.652665789833927,0.604025441631437,0.495103946152745
0.954102016929328,1.57702875120681,-1.54013270442833,-0.89124472365746
0.73577091175405,-0.419747649982061,-0.368513239395684,0.133099154577345
0.749478890857166,0.626449683564259,0.751311771861258,0.990548826269698
0.666523865566193,1.21770015084192,0.406832304998679,-1.87890233240746
0.64063881870889,1.43218329607352,-0.131802579691211,1.32754748695656
0.493229646385807,0.731885220886095,-0.635853804162808,-1.88137457498504
0.19937580950616,-1.25971936504158,-0.867633507059931,-0.354306614310217
0.779291634570307,1.467753751003,2.54260558575179,1.0591435806989
0.371450168771744,-1.07008799638209,-0.380704525413882,-1.52678773164663
0.81708373260233,0.647839783050446,1.45418702513611,0.737301445721509
0.913946352888341,-0.494560426207773,-1.22220260693444,0.830449666178931
0.191287319268247,-0.296604593473208,-0.359461782518587,-0.934812039784677
0.844635222517905,-0.418107538842169,0.488637554867493,0.395998029280107
0.982440487015031,0.672122558520616,0.0692760838816509,0.82472715522076
0.839254098926734,0.978949465591551,-0.682527756859961,-0.698925950721203
0.44646553729419,0.183921450588989,0.252549860840273,-1.62545507885143
0.579805600295071,0.0576149411928556,-0.214997482511537,-2.06961857229985
0.742083001882983,1.48826076131127,1.45151690982551,1.88611217603295
0.825030341452223,1.29248159791554,1.37424656390447,1.12990277668367
0.379724057225753,-1.81449676589538,-1.67647962570585,0.332822823438425
0.748423063894937,-0.376548563463667,-1.86658324484298,-0.052004436156459
0.52474974872452,-0.762306057301356,-0.453678934981694,0.267041836304774
0.0452332800078831,-1.29872445308351,-0.640185559427178,0.365429770707086
0.420077519811667,-0.281475423430156,-0.951682063980023,-0.908919948638553
0.949211556084573,1.81962619880534,2.17520309562162,2.22000871141307
0.386702225488091,-1.01377169491046,-1.38546106515592,-0.0789142223929061
0.697589319838208,-0.354104449104036,0.327031348227658,1.24597673174405
0.597677923958437,-0.353234739110913,-0.537716235443502,0.437389371228278
0.143996008980786,-0.613360647898227,1.01604051808861,0.23167650952492
0.470652590600789,-0.269411332300426,-0.610780373866148,-1.21009647372706
0.761612777811929,-0.282506249627217,0.460153275430204,0.659808517896388
0.750500132360265,-1.13152696504919,0.12699815209029,-0.224471442191924
0.79879598508834,-0.162290221126563,0.45436019324627,0.641598253367169
0.986923186510056,0.809446277985055,0.65428981072341,1.12581490484074
0.467646310055588,-0.812605468688134,-1.03057670661748,-0.976890504127267
0.922285652878801,-0.255875498818874,-0.975861537338944,-0.457563670013317
0.745468166967009,-1.27898781906073,-2.03838537962093,-0.583616420500955
0.467869147860858,0.211633182808314,-0.518875524579528,0.213154211782074
0.896531253186223,-0.624901982667724,-0.647963425874648,-1.42004273421458
0.216086312374196,-1.95693415975789,-0.903080519759523,-1.81959350075575
0.389885333628266,0.720682358856703,0.573594053940991,-0.75648245654537
0.997864355684735,1.96952057007766,0.62307336534398,0.467465856846897
0.63938897549867,0.204322995633215,0.285182188240245,0.0487302890199586
0.706018739188002,0.330531176491865,1.30647275320007,-1.36461443987878
0.60656995309865,0.874352947506114,-0.14471032667217,-1.18481678785451
0.244376281859685,-1.73648222593118,-1.73824166422872,-0.401810838335181
0.617692645509657,0.358628092263458,0.56796407691084,-0.234715231563844
0.640659476593489,0.646170703985074,-0.137278171066601,-1.50735711840269
0.893208073870138,0.797212509976702,-0.520532983313658,0.316198185597052
0.799656779036496,-0.0961331471131728,-0.89671291177718,1.11549298253551
0.47999009707747,-0.743772540666943,-0.115310294700533,0.156235469958604
0.690453461088177,-1.23949027707988,-1.17843756362363,-0.631763523380341
0.805047459569349,-1.24989293665093,0.500335969794491,0.481036735880196
0.0925537376908806,-0.497201769997903,-0.0980937397888019,-1.15757787617768
0.4425290589556,-0.118671991885775,-1.82147009260429,0.294315942012176
0.493922248223134,0.179747069273168,-1.47477925221551,-0.79420892489598
0.80623757752559,0.353470649000316,0.601312483191927,0.366779717114144
0.174771224017513,-2.59276688702699,-1.3096041835917,0.257384129628967
0.162429934398129,-0.721149142247717,0.904216748383703,0.702920220699017
0.808325587325199,0.603186830225257,-1.15067766154582,0.9649368080201
0.50301156719727,-0.531101495505239,-1.07411167196403,-1.73353837395279
0.0931737031993694,-0.888981467298965,-0.652447288954209,-1.55505148129298
0.972674322630737,0.229485540275854,0.00960728806556941,2.52379668711763
0.580485828578017,0.738238535926007,1.47009444905279,-0.323226356721466
0.415443086169717,1.26118145278296,0.7177175251845,1.22950525484316
0.795879010982471,0.0367680621798281,-1.04509591905036,0.730993759488019
0.290309979919241,-0.692071271800417,-0.172605598527854,0.548653636376527
0.801386143625772,-0.193199237082223,-1.23111220601713,0.739349652593886
0.611594768272763,-0.0895936924336465,-0.778254494465201,-0.392566622876295
0.470273443842244,0.573180123447,0.981086893941067,-0.255608126543994
0.951855040970643,1.15750764846679,0.569239740884626,0.587597693137664
0.691846651232957,-0.671755785956715,-0.353849931348429,-1.46496880945371
0.770291222454468,-1.10082480074731,-0.433990132893542,-0.189544036494824
0.885608781986015,0.97541991365298,0.688252272396169,1.96736139303036
0.834948260037963,-1.11710477299687,0.0260462170706798,1.44935093461678
0.555165680603844,0.51856668991238,0.70860105783009,0.879850719807125
0.999982219544451,2.44819206305548,1.31432783323798,1.03291402357889
0.846151622061518,-1.09509844418832,0.367267068200225,0.393475533075572
0.860457951432797,0.298885923223261,-0.910789825283062,0.949874726318895
0.406656366779188,1.03232223318155,-0.968362911718945,0.25252615412776
0.539998424731411,0.813816646436032,-0.282694416136561,-1.11945367194897
0.101317075188725,-0.870725973870124,-1.07047556227457,-0.0271522997498435
0.78154894027892,-0.893959360882755,-0.0705658754047072,0.547082541115727
0.88928932609215,0.822645033267136,0.296654483545204,0.315566059108042
0.166032003002188,0.115549444646095,0.803051069362318,0.80185000075172
0.159723944815236,0.351187696913632,-0.00321792170220179,-0.0477022532742899
0.532372793568759,-0.845295416018816,0.00744675474014751,0.133665287816834
0.984767470824345,1.19318223191196,0.466678139533242,0.787165931729208
0.838276549790803,0.591189277043772,-0.16350701474852,0.0106881758891419
0.32916991159687,-0.293469106415684,-1.48372748735149,-0.394066624453059
0.998099155377011,1.03723944408052,-0.921041531215211,0.218990390143895
0.644997002832165,0.554444513180034,1.01145452269854,-0.0238026340627306
0.880756466771425,0.763039885345887,-0.2369912469644,0.141910712007182
0.417122693455069,-1.45741967987112,-0.172119300498741,-1.03513416164137
0.465484722787146,-0.71596643435051,-0.246377316238785,-0.323283951455308
0.759621713163457,-1.29135624188773,-1.75510611465902,0.342475076966464
0.416930424719521,0.220805398201021,0.471073895092254,-1.15797774524514
0.250178232779818,-0.0841352130016692,-0.497428707464445,-0.367941653632906
0.550686043925885,-0.231614313060316,0.853589685251308,0.675112074062601
0.609774518730131,-1.44999539365739,-0.562382074454355,0.721794836895293
0.58928562020305,0.179442511625369,0.383276997694142,0.643354686296144
0.570136712643252,0.862743236934355,1.51345363604446,0.888622103356285
0.337137123841502,-0.761273798272833,0.970259004148582,-0.633202060128214
0.48611140473605,-1.61312219409237,-1.81376786872203,-1.0466116423787
0.679898956110897,-0.891597396666747,-1.06323393640064,0.196065678471196
0.362298832410298,-0.767691978745997,-1.01933583398981,-0.925387088510449
0.283975184772224,-0.559108232545969,-0.0638147761293364,-0.223787857414329
0.781002714171995,0.746394762937406,-0.000799217083518263,0.731901708602878
0.877714425112609,0.262816621212786,-0.507958241394761,0.827815716291628
0.253152371606869,-1.28832354514697,1.32842582377937,0.553079853221079
0.945333276706195,0.700885773623828,-0.245658406600921,0.714225461785851
0.181490513537059,-1.25072904805672,0.367492851077613,-0.852272073691209
0.901740398734958,0.140635911739964,0.9823648717174,1.74550571281497
0.68671697785651,-1.2126085161195,-0.158446311065384,-0.686999752357886
0.52907223357605,-1.67350103522672,-0.614141395773388,0.368287678494705
0.68499703717567,1.51010897482772,0.310925520790672,1.02738891049597
0.697073547385988,-0.565433850442962,-0.906116367065063,0.0620792468940663
0.336120385456269,-0.971078485889823,-2.06953738022711,-2.69413798645193
0.31298041394142,-0.371958283106684,1.58461454437818,-0.0379772841961555
0.433058361312296,-0.568567859736667,-0.80673372607157,-0.577723562410484
0.471723025905777,1.22576364802726,0.42854258608035,0.137363781552576
0.746791213725794,-0.0270414552834938,-1.2357084496486,-1.34965269289888
0.527072077305404,-1.04116991324171,0.171638723848783,0.310192007944877
0.504891899560122,-1.32990767714346,-2.00879424037971,-0.377139523125286
0.840224323206773,1.16965009728798,2.14589620479025,-0.101460693355407
0.357389205178431,0.561049016434391,-0.941171655878552,0.624175811942913
0.966027967707764,0.601367832132773,1.02401002955621,-0.529457620654806
0.459151151151649,0.962080948242706,-0.0902043411780108,-0.453523407470037
0.821933032006979,0.37765416877205,0.281500407661529,0.859767593857403
0.651247694066044,0.53205164389174,1.35966292545199,-0.0646323385393162
0.407172712309508,-0.443153534634407,-1.23361855009941,0.469863124327247
0.526583660297411,0.845349775142042,0.885073409799562,0.799575977356611
0.735829783017458,-1.07130970537808,-1.75097991592591,-0.538980846054437
0.679248897481611,1.26170736665981,0.950175650357661,0.51396130406251
0.838885625023199,0.818671684600298,-0.379902443494852,-0.715301790626058
0.228691664422067,-0.835087219744045,-0.588196185451327,0.256828019882808
0.938962415878417,-0.108211379266733,-1.11627170238218,-0.0603415866940966
0.401021518511129,0.201773741134004,0.47334304834671,-0.0115000198838872
0.270833574955292,0.123691498973939,-0.356258967104385,0.0813131877968529
0.354610869396403,-1.21421315240323,-1.19446055148439,0.298223036689394
0.716141150744166,1.81330013552661,0.86886390720184,0.691136349712444
0.629487698227181,0.70409771068523,1.09033533869079,-0.0696373705247527
0.695745751545783,0.112959709170075,-0.272818636135809,-0.622020028113485
0.466715076313176,0.84850005721223,0.907372312265906,-0.875188803685738
0.317793003544996,-1.07745453817484,-1.74440853685843,-0.248168369443097
0.617800255811213,-0.879283722106732,-0.251977957904986,-0.451139038266958
0.807044081744862,0.563475866317835,-1.00960001331225,0.386546261460108
0.683445260366172,1.5250557649088,0.845931114474647,1.16863683801168
0.669977556746347,0.212480323151174,0.0588400838170511,-0.371664193762267
0.844593890639025,1.13124406442134,-0.257618657499425,-0.137736280837254
0.541240522873887,-0.353362296492626,0.00788388927510418,0.643760646912945
0.926537122603113,1.82286716858419,0.892907638532506,-0.051384010422201
0.828670784654097,-0.376854477608028,-0.760172232016731,0.0409480816528566
0.975246982761975,1.35721151146514,0.757135099866253,0.259921746657883
0.5011054820023,-0.20220351635611,0.465124803291811,0.252192307098321
0.565235268382871,-0.469155556884748,0.451945441886261,-0.991609330236014
0.272962466684921,0.160973015291267,1.62229309036066,-0.0934749028192915
0.628160984009994,-1.47150861594371,-0.499124377005145,0.728003120423116
0.726381797690919,0.998411611301705,0.640977630138365,1.50486971174016
0.88496447486279,3.09883257261226,2.78201045243152,0.466499733834671
0.596537373330815,-0.920201743867979,0.232270291720818,-0.446032758774149
0.682410948273098,0.446925669453526,-1.7817719422859,-0.536659505764941
0.786370710324787,1.04520490415255,0.0295300924050606,-0.460598904256353
0.893502299944621,0.313532714923511,-1.48454232709023,0.120059022819891
0.885487173789629,1.34405990782838,0.302790443696386,1.11156300181042
0.592613797715314,-3.59530951868691e-05,0.477974792527173,-0.240352428859112
0.776970660075242,0.423771080292121,1.55651142905028,2.65671264637258
0.249364747346626,-0.467313696897055,0.101627267478821,-2.62551683153467
0.241964360668057,-1.53841162663706,-2.06697691745604,-0.609692255135981
0.888000048707169,-0.0320206021239371,-1.71733446790189,-0.680149946562025
0.831789570734812,-0.666462136648792,0.417059183785705,0.314139402657257
0.437058048180532,-0.259096608499256,0.731293162162728,-0.4934733440846
0.689542527884039,1.82714917530995,0.883037364537181,0.811545257305695
0.10522461532396,-0.445111520364951,0.390840226176954,-1.99240260368664
0.870263661219008,1.05761718751078,-0.813940837821037,0.331834374218008
0.779653819684235,-0.40927723201332,-0.111656620471199,2.26582360638165
0.557591944503769,-0.0693147717512293,1.94731075516793,1.38507776514819
0.685795574088065,-0.402456290726492,-0.17899687767244,1.42448883963431
0.467173973582386,0.278936918461322,0.521715023238642,1.24636432662947
0.318045180526885,-1.2462071748807,1.47737136357057,0.646905809528757
0.748898462019888,0.51163182026241,0.909305618517605,1.47305124836934
0.38936758149033,-1.78350725142883,-1.16607164932848,-0.963758334103236
0.71586669472013,-0.0822429219888347,0.568143404827854,-0.540488936942702
0.258255562216356,-0.491724334247091,-0.947860484660133,-1.08440909660437
0.892604831229715,3.13286745171394,1.95141949084607,0.879503791174048
0.957563730799408,1.07128466708712,-0.537419066227543,0.609846707799023
0.257289331689951,-0.982078408727108,1.83225522950658,0.646979639665239
0.854990311261734,0.78044270891316,0.478241009728846,1.69932263316291
0.460124276181396,-1.64663755218252,-0.799841733404962,-1.18801174669516
0.887015724528639,1.84002615328743,0.646949174406696,0.818832381560052
0.573900693235592,-1.64418099430206,-0.92269246590287,2.09761939753904
0.722343862258553,-0.407789442072442,-1.57990345766407,0.155531481822599
0.441655017853651,-1.41691723848768,0.434001285255042,0.598928920222742
0.627702887787725,1.04624395681259,0.516990622563938,0.469529732394856
0.661051456324773,-0.595311344162358,-0.937270344977497,-0.639933905736558
0.305799442208571,0.0905430320498558,-0.763226667955834,0.366636645601374
0.913881373866193,-0.0488111288687691,0.769843320029284,1.86423381505425
0.584457474486595,1.70323875037696,0.596781862811556,0.959958083531313
0.081518507483822,-2.21325418216932,-1.62934433421913,-0.960990538287292
0.627863593241356,1.33189800379341,1.09576814810051,-1.03525785279634
0.889107798286111,1.69714321777982,1.60921687526379,0.964693280688107
0.174162562933346,-0.254840101243186,0.308021147265336,-1.44704573566799
0.507231221817284,-0.951824990939303,-0.176837976624232,0.469184135861047
0.9335988111305,1.5936952681993,0.565119690383098,1.03115325218125
0.887156778724846,2.38369902415072,0.802012765109759,1.38369791705718
0.899301416296735,-0.0882876756536711,-0.69123189952227,1.21353190722541
0.388585097544332,-1.58776188048655,-0.886594234006074,-0.108472603569416
0.688090420716377,0.0547649966764198,-0.571204980553949,-1.01232078529924
0.752372167695199,0.225742361458249,0.297884007374509,0.658893971251701
0.89744644682079,0.705086653711586,1.54169151672438,-0.470770128697477
0.771857796655935,0.11714935223268,-0.294638320806563,-0.47458451772971
0.405987699692126,-1.21984470548644,0.073679512436628,0.860574724364857
0.0966525449145676,-1.6087768919393,-0.171438183627273,0.37254529931986
0.622738406725774,0.0907998848009299,-0.214039166531784,1.16565064057202
0.795715064474546,-0.728487456907667,-0.293233692096722,-1.14782391248047
0.505863601054435,1.46909623139514,1.040900352636,-0.732452265950983
0.768010695736842,0.405055846930189,0.962017099371635,-0.741275517181073
0.676974246519686,-1.00092753452536,-0.78539350552,0.142025157265046
0.697238073209821,-0.433733814828339,-1.04638064207028,-0.814552246522457
0.968586254031655,2.73336143311525,1.6632266571836,-0.0341728052714207
0.480099142034273,-0.444369159267453,0.507173796975918,-0.382668970964942
0.84756635146309,-0.614421362781568,-1.37905254839212,0.754697948774395
0.952385674078517,1.45014509478462,0.32665040206716,1.7205292952566
0.855781872572563,0.162859243245199,-0.481267380471743,-0.84053193467088
0.616715145129592,1.43491466616621,0.83038791228933,-0.452185391274959
0.534404658289238,-0.378484130884051,-0.774297367543659,-1.27525838620353
0.404848662930246,-0.330214098269228,-0.591411937264785,-0.312347039274542
0.276801610594783,-0.860235504597082,-0.96982661054066,0.132317006094701
0.930572604378894,0.86938629789613,0.105512597899883,-1.39626853475151
0.307544836532492,-0.882536635350366,-1.21551735874253,0.205753321091316
0.611353812256369,-1.21985200767752,-0.975531251851173,-1.02750770864846
0.602099359910217,-1.33506254335061,-2.32361314911378,-0.803153552738906
0.681128501757408,0.779615620308947,0.281459356572293,-1.12357263390766
0.543511055041369,1.34211496313062,2.90622585109872,0.829408896429809
0.446844930745625,0.143698853510596,0.091061989416229,-0.347542745872637
0.925915838247932,-0.463717412305339,-0.55908968548219,0.649115164036254
0.950299356365034,0.149522721170349,-0.671056913301466,1.02628906342725
0.310869200835694,-0.622439665660578,-0.56915459993024,-0.0914535324793459
0.034351368420897,-2.34228347393791,-0.0449312927612157,0.0599723828866488
0.743651496176354,0.647611066095643,0.504163107038011,0.0117843230778704
0.171865022380175,-0.73988720112332,0.736605077595137,0.699785911200791
0.0978501010583898,-0.697831443574168,0.191049169328679,-0.471648006336406
0.690953472872281,0.317481179647535,1.0999437682113,-0.245437342589164
0.646756914690132,-0.833726873695212,0.215250270944076,0.434657254641165
0.913957390471183,1.3570852830337,0.836154000689919,2.52779454722978
0.759523670890036,0.120100865097671,1.25043534018872,1.25271090114248
0.723654342129916,1.09368584028202,1.41524476307842,0.51170464423046
0.760822846040103,0.962664302869065,0.682723684812002,0.31053220842195
0.74293720770626,0.265792978765467,-0.0917207848526743,1.58844083995157
0.378644995530337,-0.739458399334206,-0.0161209782171382,-0.14058775776071
0.483065583978735,-1.49691041230677,-0.500949968831278,-0.263042612150597
0.865885070116562,0.511979774502586,0.931505747096634,0.191954527667904
0.449923032177402,-0.295762775359974,1.27319706787826,1.37125066779472
0.713503870159341,1.5725269313344,0.497915520421338,0.335373192310905
0.305698973434945,-0.871338628435216,1.41459495391854,0.35113918956271
0.427132033059562,0.350474782780947,0.597262803460938,-0.483290184886707
0.381825587765888,0.17739900244773,0.715222218331672,-2.28051680795461
0.240774475676442,0.0693137714754159,1.50021813617349,-1.03022628348045
0.338434232103099,1.57171988930264,1.70111023009597,1.56520719540936
0.555630084760723,0.295035616191092,-0.867153064876771,0.933763140442808
0.991076157688286,0.567847539774692,-1.6074072397954,-1.7639639695646
0.369431338623658,-0.578518329956422,-0.516508100439277,-1.79741179635851
0.515992191524695,-0.497139544085518,0.775155103922199,1.65175617870067
0.94484142406675,1.18921990822281,1.64078502463057,0.702000969842029
0.425779268067855,-1.86273430279632,-2.50260764438493,-1.26563861846856
0.538421396395368,-0.686649583567286,1.57126910059127,-0.684050846085578
0.955181123333153,0.318220536077381,-0.00716199017598711,-0.0944406599053846
0.738293920137228,-0.537114003313232,-0.148527307428397,-0.305800132803991
0.179565527826208,0.947859232772845,1.74135461033134,1.01972514706818
0.310504655159376,-0.17115821366264,1.7008099863587,0.0397770761374155
0.924639093405721,1.33780677836741,1.46337169014081,0.728734876390907
0.800224549526264,1.28421696856212,1.8925291335341,-1.88822435870719
0.64825214349495,-0.972914500763154,-0.359850934787787,1.19888786624172
0.551764851282251,-0.14140174890712,1.35736522345852,2.04209554186746
0.764965327052665,0.0731477336383718,-0.358995403594162,-1.165781853926
0.598543523455487,0.0433266139958941,-0.462199443131644,-0.241293852916245
0.424256540469095,-0.145153302325562,0.82482277680917,1.49821855866261
0.526488623899116,-1.066589705128,0.210147708888503,0.35288639986896
0.618243707480224,-1.43437698394157,-0.483628155892001,0.246099229525667
0.276067063251537,-0.603873803885636,-0.377814696375194,-1.59955003867951
0.345991938814286,-1.65665630627112,0.599837846911206,1.66868517041903
0.408649099936009,0.280142350704137,0.655578149859486,-0.846503161636126
0.568864304936581,-0.364800821684527,0.0666744664869488,0.546833664813212
0.490079844440616,-1.2834113081316,-1.1069761641963,-0.95751830861783
0.543483748435524,-0.553723934533094,-1.05652151197072,-1.01542588692806
0.64595098683878,0.0601383698282954,-1.3280938266651,-0.629753481978581
0.723570567670073,0.826066128131336,0.205422304823489,-0.42236803591445
0.896629823149608,-0.439664456811637,-1.32846845892037,1.10408344574847
0.543251795097864,-0.62496136979682,-0.00575123223513524,-0.333317096946214
0.640147138614811,1.25132985857249,0.115729392733225,1.14329537130107
0.855793577327377,1.49755224112472,1.09830482456618,1.4647281522663
0.0639686390156516,-0.8190094280645,0.150506262093785,-0.913857648665454
0.499585152181206,1.89124850728637,1.22684379690134,0.367522526237296
0.768176829716926,-0.63205007805008,0.619120270688017,-0.0374154121976578
0.795943223918715,1.17538045289837,-0.41075917820359,-1.45539029841486
0.513248136401099,-0.000489334149978852,0.0195758123339129,-1.46553177096415
0.535613607974707,0.25764025676999,0.121917621383022,-0.914262514259032
0.776339710440934,0.795668669143021,1.1279069505823,-0.340580027808007
0.488605441281204,-1.17319955196686,-0.386844174407835,-0.767355405476937
0.199871490076042,-1.40127074290329,-2.58550361834228,0.162582351068574
0.521145457183721,0.430569825045183,-1.04452721897078,-1.49518952127054
0.953294239700915,1.59485683247169,1.20251641683527,1.78471359756645
0.25250979781142,-1.48341219925102,-1.33734083548156,-0.356249742831913
0.689322338519387,0.811130973778091,-0.201759570466501,-0.515714478366473
0.568845910887975,-0.11155867931522,-0.782069147532081,-0.294020486900597
0.842823464670682,-0.207537710246048,-1.48915674095218,0.400661305470067
0.69913242695055,0.546701586579195,-0.33373890905086,0.037213412176002
0.823402823590815,0.0766671855986338,0.204046120570365,-0.133801808613032
0.615917927428304,-1.02890316070119,-0.781362993801671,-0.544036530357167
0.237005162225216,-0.721465842454772,-0.337218994625645,-0.623087481458821
0.581760479552362,-0.664219823430884,-0.554062376099386,-1.14286923687523
0.137232874524935,-1.89451453294078,-1.84461044203098,-1.81703554694601
0.470688329754096,-0.893407456326652,-1.47481531143561,1.03453167941006
0.0798315715537007,-1.53386584501713,0.937142069251685,0.0581546605710529
0.774192340163711,1.8640696252081,2.35037306406448,0.811202065728966
0.732029868183734,-1.57548876075797,-1.99851934014926,-2.77820961089839
0.591498517699798,0.014407271030236,1.13609093031864,-0.125550045883792
0.538920544498781,-1.80640038002798,-3.03390008362008,-0.485910580368716
0.202008140562456,-0.526296089667352,-0.230795990396888,-0.10286472620705
0.26071786485837,-1.33584796145397,-0.59109476613994,-1.75823024676465
0.244030140129114,-0.695721667256721,0.438062900332798,0.532433166992031
0.492388008996781,0.0237861131778068,-0.871093013440519,-0.304080739674265
0.902509571783292,1.13018028209522,-1.00967770776806,-0.603573800549386
0.268537224723193,-0.121673609431002,0.155091223209445,0.427397121627566
0.555882160769715,-0.57432829808931,-0.175437927956051,1.15155566318196
0.426855053004503,-1.38677173714258,-0.404863856890249,-0.577319891499474
0.724970360725514,0.612356274971905,-0.558278454529259,0.498412607562731
0.969342936012845,2.19756122179245,1.41259737041988,1.10944005696993
0.478523893330905,-1.07648730864002,1.31832017765164,0.132569008045645
0.538486396708828,-0.188042782574593,0.0456379766230566,-1.22713610124594
0.715342195372842,0.194571796630839,-0.152850760116489,-1.6119530821587
0.343586060670535,-0.919858753052771,0.0795384594472908,-0.653565261673912
0.984450553745373,1.22489634924939,1.56322937691658,1.12362302699425
0.715811264257565,-1.86285147178521,-0.046394449410519,1.17361841273806
0.90833910836915,-0.0386315492158074,-0.824162362806879,-1.45840066205265
0.664882657937676,-0.93822509419549,-1.2689281811867,-0.726039524503507
0.788422815008555,0.134847334053531,-0.358383928757979,0.850581250073656
0.3215785511996,-0.0674816597121212,-0.103307351309205,1.02069036860766
0.635835122676571,-0.497627193326811,-2.08729140402239,-0.785747365858291
0.453797683735825,1.49065048311357,1.70488562265091,0.599886003627037
0.344207616031548,-0.518949123324002,1.5173459194871,-0.103685610098806
0.133409960943215,-1.25371322684492,-0.674626246339352,1.01584594468498
0.907029984326465,1.30686586285357,0.9367577324077,1.58420450126516
0.473896818798952,0.571512566653252,0.27344874399818,-1.67191982822613
0.315566527518142,-1.55283785781224,-2.5166956692191,-0.107350200683059
0.950509221026901,0.203407412005217,-0.65547709320826,0.561065866253426
0.71071814273961,0.455597978647152,-0.0479329118285877,0.264907885106498
0.526671761407951,-0.333750461450893,-0.431109197524599,-0.335502801869135
0.76786756801635,0.0598483470287896,0.547373568381131,-2.91561414341005e-05
0.502225774118362,-0.828551928919201,-0.622305225003186,-0.427588547298304
0.764265623064569,-0.276770199263521,-0.93197061400434,-0.904861013943052
0.65874639177837,0.26880089616126,-0.555824700413374,0.35343829861517
0.972967273866996,1.23212518328515,1.2738743478226,0.139215812467591
0.592934827815184,0.634814361647219,1.45875990882954,0.943797966534363
0.981603671710444,0.969967832808631,-0.978044969625675,1.60129881526375
0.93801992058592,-0.646405470666569,-1.01445383762991,-0.124072947626229
0.672567227078267,0.672405842089955,1.96647390055242,1.93890447421798
0.798160483436284,2.36874517801172,1.2381008813664,0.739158418596706
0.945273475317643,0.510596593116129,0.505402188905279,0.509498479242437
0.776969298848921,-0.254604706378871,-0.857044181186451,0.287076292283818
0.531867581430192,1.23443002511223,0.889081529207394,-0.0811971611985797
0.619238722123217,-1.44899114049551,-0.934749616233227,0.441408016915521
0.54093592272961,0.260935898526705,-0.177718415943652,-0.931588237064936
0.603511541054643,0.227156962082123,-0.100261624390624,0.303854906000953
0.110855295974404,-0.963037172100222,-0.38185063658909,-0.577209926717246
0.707452169812536,-0.631415857673448,0.00603777450454383,-0.301933108712485
0.598399858206657,0.370274897590946,0.500785099301507,0.138446094992899
0.930544653261762,-0.320037491766644,-0.348658381256352,0.175583852426916
0.596688106800639,-0.154963615649412,-0.224035102321444,-1.22021257830787
0.396062426360059,0.455724562965259,-0.280416779975955,-1.08430573323854
0.402829767270801,0.364214920620724,1.2285296435558,-0.17355691795103
0.22282787505302,-1.23329117958836,0.0535966512201507,-0.886520909195899
0.764359710243001,-0.70540937382733,-2.14798568765248,0.373114438851738
0.485284927027893,-0.793445770571528,-0.670226517447189,0.964741494973321
0.313570364647939,-0.426219732236638,0.0444611163623414,0.0504698621938869
0.483798231810934,-0.23518332530051,0.156899306299902,0.268167667238469
0.331349527497299,-1.24960097740179,-2.18691469222392,-1.5589914131009
0.355376918065564,-0.325330374491578,-0.126038631841321,-0.197727425054865
0.257248182372539,0.859872949363125,0.232199059941186,-0.821711614023497
0.755059208305307,1.71393750336824,2.19340780387418,1.92393401682881
0.422572370167435,1.26566591070477,1.65046966323165,0.650702030472366
0.85648516848355,0.153342386041137,-0.302920297033123,0.387554971404316
0.931760211764536,0.059172498364812,-0.197651459118716,-0.359450204886851
0.854171417817876,0.631708678845728,-0.827148109181529,-0.428781497210408
0.12965754019823,-1.00489537497386,-0.0571994649601138,-0.922000150760047
0.69904483530354,0.267233281080997,0.286740778449615,-0.138422030895585
0.676410793359857,-1.54703457347135,-1.0608691509055,-0.139691730679129
0.575581229587084,0.177285407620144,1.31012799220709,0.611096692243088
0.917655506029617,1.15460548071328,0.417379975453919,1.32007752568572
0.471202275770782,1.49576966491679,1.26187897631763,-0.00463932922675946
0.490616447720633,-1.85299676542049,-0.0996955742291211,0.269894338317044
0.430589901228861,-0.254745479399937,0.36066568753073,0.0673019592980113
0.180817534277333,-0.673913822232635,0.0502423328512075,-1.33450149803834
0.588353885773949,0.49453770645061,-0.372443348929328,0.578405507600645
0.943861480593652,1.1074864982287,-0.980697439389217,1.44936844908881
0.617086294859552,0.655961057917353,0.864250504587199,-0.806573027163375
0.939807145605117,0.618735449594503,1.35319625561481,2.45403659594972
0.722788051983305,1.10326598270561,0.851076281880099,0.764209108329227
0.998354100398618,1.72303339067104,-0.394875768138545,2.24997172714066
0.435812368927324,-1.82099114178188,0.345375217111849,-1.09080234192746
0.647299102890272,0.409381917337671,0.819510458457125,0.105301758626473
0.386226095850539,-0.256368685140159,0.243007180287896,-2.02400083629909
0.867286801006418,-0.764355084304644,-0.987511677981562,-1.86554482409785
0.529781121328175,0.0549789393553555,0.312569611247526,0.0599000739819867
0.518497099708585,-0.910794971829758,0.0312713929784008,0.244862933807366
0.995601217846396,3.0065467798246,0.759416237164626,0.253554488913559
0.827795776831603,0.102730616480004,0.349490149265835,1.5675210031789
0.905155148549096,0.292301607352943,-1.51872970465023,1.33020740140486
0.899950457817551,0.641734207253786,-0.522587978584529,-0.857220268516502
0.611762946187195,-0.151166736037112,1.23799419220364,0.645245223906776
0.523011315690338,-1.92570211541829,-1.69373352872491,-2.73372180910276
0.855064573880575,0.529577892421973,0.255905610437594,0.283812808672539
0.303450762590465,-0.723512647876651,0.119571493712186,0.495046391769052
0.435289008526991,-0.767007141050305,-0.855634847239342,0.19912385597657
0.274601541816742,0.720483265182584,-0.245033355969506,-0.441004229047342
0.857036678181193,0.857739281693955,0.36954947202913,0.259859927873285
0.43111817673367,-0.415793524724303,-0.661192015102385,-1.43194064137521
0.786018778754151,-1.68699594146911,-1.05649168060639,-1.01595069734443
0.479271752876833,0.218725794417769,0.933416149745188,-1.27100169793515
0.828815285120175,0.931251986679267,-0.272455362200382,-2.1472681798607
0.877461694602472,-0.229541260044936,-0.619613524897807,1.23679842738133
0.778165590798664,-1.88998387616488,-1.13356552568334,0.833033700349768
0.999105798047746,1.4277033099425,0.631000057771025,0.631119205482531
0.832969178638607,-1.24714685992213,-3.2302491967555,-0.73476745657181
0.872948759642204,1.275073097039,-0.52140420034188,0.749978306055264
0.932422288934453,0.245440363344204,1.26911402512878,1.95919488979182
0.680154546418946,0.241213429010535,-0.0768202585384352,0.721868015912839
0.593511954171148,-0.500369821209838,0.220943244343921,-0.0829985782303601
0.598524094672143,-0.141626615518887,-1.46348317081913,-2.26569792774673
0.164608721313291,-1.24229681863691,-0.885777901912867,0.092025641385134
0.536336125512732,0.167623988913201,-0.21587945024697,-0.294585582389354
0.838348421913203,1.38620366912133,1.81829601598697,-0.131246466217931
0.506178956533501,1.26958009353537,0.112461427055495,0.677518656729428
0.621842418825093,0.151997481291844,0.199289799125642,0.0136750214798552
0.68203560195861,-2.67403337161956,-2.04785345904998,-1.14876418261303
0.412322333930713,1.967245049388,1.76218055352041,0.496531649434451
0.513126064940662,-0.591160016933704,-0.905004590833915,-1.16863528188983
0.992425439675445,0.393287036413358,-0.642563445459836,1.6743415791748
0.0488491714142973,-2.39621917591568,-0.997175516455971,-0.430093785131674
0.994068444284158,1.36339400842048,-0.521151781490766,2.0226483080521
0.572196977018051,-1.20904201443138,0.0516207893534776,0.909859945550237
0.987843421024652,0.835761855968495,0.796281080246962,0.945921071866331
0.481232678234811,-1.28525688864057,0.421609539706245,-1.3882255368916
0.026525476186096,-1.68942533285856,-0.971657597123006,-0.776494814865671
0.351495976129913,-1.71604951219813,-2.16991063278885,-0.52357564712445
0.434804315834034,-1.54255916051725,-1.28142448675379,1.18346275111173
0.853901429695863,-0.351190840410259,-1.47484699366409,-2.58230485554043
0.748328508379622,-1.29451581053427,-0.832509837147573,-0.771008669354724
0.717183037122848,-0.965936877694019,0.994615217314862,0.229529399701647
0.284768160626609,-0.790987136769521,0.178931778497058,-0.556831341237769
0.382578322147461,1.39257536646433,1.15781362211409,-0.424846114077039
0.63335946447239,0.0551627542743638,-0.28193879362899,0.74657112764748
0.445712562254571,-0.24296524490368,-1.35224321896239,-1.25480351853518
0.343322924265644,-0.784669135220587,-0.364031882565289,-0.0855474138549166
0.815951062526724,-0.844316790993287,-0.43203562807852,0.275742908846126
0.966480031332948,0.143195111092878,0.768843665332204,1.58794199418803
0.673951176485236,1.22456652065616,0.698197029549797,-0.6351834598761
0.884636905810686,0.727462202039003,-0.332941785251632,1.5453233302087
0.797521639121498,-0.25551216905413,0.164475704533033,-0.923353054783857
0.3773701076543,1.29172171939062,1.1213154979553,-0.222618936935426
0.166807711022491,-1.02100770530914,-0.700200630247723,0.52088568755227
0.931106067280495,-0.217599018653799,1.47798049133513,1.348316781798
0.126146017484465,-1.69598941414083,-1.00336080141317,-1.61389910523087
0.545748208442781,-0.632072311343921,-0.600208429249772,0.231558246296346
0.868034734016495,1.12655237624952,0.482479809686966,-0.0244276814123127
0.887605347178201,0.354043134815981,-0.784800961271654,-0.0798351037748719
0.550014132489531,0.126451457405255,0.555054873891647,0.104922655327902
0.914107204083327,0.44290380697658,-1.04138996694378,-0.207419411749286
0.0947706393169667,-0.891193720688892,0.14997872619932,0.185897917066388
0.614703279266054,-0.58712124665962,1.47326805203138,1.50119344511507
0.0831916772173431,0.0260685450065006,1.75944914117286,-0.086518067672503
0.819085323964256,0.238048837592472,-0.831590079650856,-0.0458601556908842
0.797527989683492,-1.91949984183529,-1.76611678522159,0.0212457124468043
0.233982972455904,-0.747347204363864,-0.789306089439982,-1.01384252649225
0.94985946856372,1.5839832895571,1.05195486767474,-1.400490125097
0.938632984228463,-0.229172654761118,-1.60575242817362,0.0408804391960159
0.759193838017802,0.94940832791998,-0.469572969413489,-0.370957388590192
0.737213269757585,-0.183772625786496,0.424760693811998,-1.07036630270149
0.485110267469583,-1.44325805414596,0.316637089488376,0.55673730656115
0.175768751049712,-2.70737429152185,-3.07911723873627,0.0514272421576063
0.672135987386493,1.64401059905446,0.84186424817802,0.216582886274744
0.798727373005371,-0.77233699223251,0.0386976175926893,0.550972391105679
0.969538752330883,1.59846582596452,1.28969724990879,1.25869523567219
0.242378753708213,-1.36416658208991,0.560991107119871,-0.663158082586981
0.372829313787353,-1.70329980935011,-0.738548807832524,-0.0463084069051052
0.187289936352025,-1.04918909755721,-1.46903955088898,-0.799007025249833
0.993179664310611,1.87172066481419,1.76898382227214,0.760350726917119
0.429306668558637,-0.632861444182931,0.403379707541619,-0.833098192968057
0.463088767680035,-1.14539857257927,-1.96836609549833,-0.479441315403074
0.985693640940903,1.89686087533619,0.0642982163658183,-1.1166079099303
0.450640164883002,-0.735336665403753,0.518694568493902,0.742987540412383
0.866164694856876,0.684568886716565,0.354326531405675,-1.08376438300442
0.384516944926724,0.00690777241305495,-0.69584846607283,-0.118062862588703
0.92526356826212,-0.0732073466685291,-0.986654247484789,-0.453199350812004
0.31343483240535,-1.85278431477953,-1.00589076588724,-0.130447999673509
0.622307748563135,-0.377210332296974,0.518954082679923,0.0476789488605327
0.757203598539572,-0.0582095078301166,-0.361766112207649,-0.00961540215745918
0.385032848832897,-3.06266439665217,-1.16123823738271,-1.60156983182656
0.793303370615079,-0.343151120060766,0.26321478375287,-1.03482228447577
0.797727073344762,0.264228713145163,-0.540121539699438,-0.136207119007739
0.674449363154171,-0.207083190675404,1.85612106371646,1.46696355907684
0.294851129669918,-0.818632424936876,0.536746562445648,0.263644947962537
0.841825074517124,0.669656001500648,0.496084249705027,-0.762183621908563
0.528899057431553,-0.414649755350777,0.0778378354255057,0.395175325058137
0.376895255006456,0.367873158398393,1.60979088320898,-0.840238398298908
0.970042850277352,1.02701290401256,0.389259057999123,0.15980386462319
0.435566981847427,-0.425804633242725,0.970073285103885,1.16757489376656
0.736581247233849,1.1547007594671,0.586758309568528,-1.42394126423044
0.444782529977421,-0.318206886079121,-0.782470663428824,-2.22251755138328
0.78353810492934,-1.13974562713065,-1.4331167001776,0.273537308151298
0.666698070950504,0.634870446860366,0.452839621881747,-0.317692795068252
0.925630987601355,0.679819653260115,1.30052145109604,2.02218531893635
0.955860722032413,1.4230605061163,-0.148819235402925,0.761972509263737
0.877028032877352,0.311428722324162,0.123384346688222,0.680565932042144
0.6379942610097,-0.203236214939901,-0.534505826077718,0.592462815726675
0.989215275740996,1.01857190279075,0.394951211591631,0.100463254613896
0.56829282493058,-1.18856351137875,-1.93559303290636,-1.52808421559358
0.972389524739097,0.959433219810526,-0.421972530657607,0.134034525508384
0.684543715217513,-0.39210627309021,0.639223407399399,2.78387549165425
0.676507949713309,0.151838763243052,-0.0290709541317829,0.227795374742046
0.971008071071705,1.37920963397771,-0.273867425429695,1.36999468808145
0.597977938504435,-0.181954952604852,0.199945806236448,-0.43482467465954
0.789189418969974,0.4647131152874,-0.845672219598313,-0.111335310403065
0.854011010128233,-1.17361935541573,-0.172989144706276,0.594101811930633
0.724580618416016,2.13292688463369,0.495478481424951,1.20247868470216
0.755144498728484,-0.457482949527097,0.166438188640329,-0.255330451124054
0.356741785039225,-0.755712526234824,0.118807708551836,-0.0984298571045807
0.867828069899177,1.74076308329893,0.698810170746879,0.882246888776498
0.537304941632713,-1.26304785379548,-1.5918444145156,0.837745865923808
0.520646977032897,0.283640962812937,-0.742381080842566,-1.44192990110925
0.304246703085706,-2.62372941047207,-2.35485266457624,-0.192619767030042
0.41677661287798,0.142059756923912,-0.208704508455995,-0.311228012380321
0.608116288312084,0.179096329408996,-1.32492940795481,1.25040186556438
0.87849273014962,0.266610841805071,0.967259734318556,-1.6872149419188
0.327788370652303,-0.909638442587249,0.327829830981266,0.440460717247909
0.756569175306762,0.504868976234361,2.0967984744003,1.68932011571412
0.98989468680854,2.29729229911555,1.06849865370171,0.468333010118847
0.825302159045546,0.318185517563432,0.305641318577269,-0.515607780699911
0.513743175882034,0.309615706947474,0.526482676546709,0.520977977676645
0.946752772366923,0.160257337418611,-1.1568451029678,1.05182458779759
0.888549547518724,1.76774065795758,2.18076941590491,0.864174724242536
0.956665557164085,2.11242509583325,0.210146094419172,1.24775188689995
0.565105919302567,-0.457473976059915,1.44216276382842,1.61805651124127
0.845096834469469,0.302130766458755,-1.3609818596095,-1.24680610427443
0.936447164394395,0.548598592443919,0.609623316190192,1.48205232706416
0.718488066362522,0.253913819516384,0.809491659280703,0.806649625650728
0.619470322445478,0.383150629507093,0.184056684333671,-0.846423554170718
0.616809255423521,1.11839414968846,-0.345183508536162,-0.00366460515364126
0.914668459083701,0.224337291584943,-1.1393645588732,0.725587923963788
0.394833938394449,-2.61145374689621,-1.06996113590093,-1.74100679425585
0.985746717943574,1.62761284256574,-1.08172199495855,2.35631132872919
0.863385463678375,1.58662477737634,-1.02680534122381,0.240570898599281
0.664553322557327,0.987965768528663,0.956995789885975,-0.904137129943975
0.659107033415254,-1.69797190936307,-1.37963251400122,-0.357357653265253
0.702766330478023,0.611109664446584,1.08241809061751,0.0113181917615982
0.924609481754412,-0.0306266455489032,0.100620953003014,0.124860391650048
0.720225037611713,-1.11252988420968,-1.29734747764086,0.753025595025766
0.867210403517284,0.986762206148895,0.865259838037331,0.592292009724406
0.203730393263869,-1.93801926986273,-1.70713049660895,-0.0693317183555935
0.658446771441685,0.596993320769328,-1.19162126899647,-0.979673759889121
0.646457296912078,-0.505498315425459,1.93396510614814,1.01929780422366
0.545905169930871,-0.673822457840527,-0.154270596755933,-0.234670533218367
0.546594684952005,0.570874086204791,0.207437829833987,-0.331687973950002
0.193012546843378,0.029819384877035,0.338161979089906,-1.23481285004806
0.808272679575094,0.473423280534446,-0.499075330682654,0.296865781922934
0.615464460554875,-1.13986132068887,-0.69428104362747,-0.655698548291786
0.542978557418117,0.748096315649053,1.31634567757493,1.0710943640806
0.801954874146046,0.64917067317376,-0.271890308292654,0.940496954145787
0.732123487011486,0.755156769780683,-0.168535046313015,0.00114608604346664
